"","site","date","year"
"1","Site 1",2013-05-22,2013
"2","Site 1",2013-05-23,2013
"3","Site 1",2013-06-01,2013
"4","Site 1",2013-06-15,2013
"5","Site 1",2013-06-28,2013
"6","Site 2",2013-06-05,2013
"7","Site 2",2013-06-09,2013
"8","Site 2",2013-06-16,2013
"9","Site 2",2013-06-05,2013
"10","Site 2",2013-06-24,2013
"11","Site 2",2013-07-07,2013
"12","Site 3",2013-05-26,2013
"13","Site 3",2013-06-01,2013
"14","Site 3",2013-06-14,2013
"15","Site 3",2013-06-21,2013
"16","Site 3",2013-06-14,2013
"17","Site 3",2013-07-04,2013
"18","Site 3",2013-07-01,2013
"19","Site 3",2013-07-02,2013
"20","Site 3",2013-07-02,2013
"21","Site 4",2013-05-23,2013
"22","Site 4",2013-05-28,2013
"23","Site 4",2013-06-02,2013
"24","Site 4",2013-06-11,2013
"25","Site 4",2013-06-20,2013
"26","Site 4",2013-06-30,2013
"27","Site 4",2013-07-01,2013
"28","Site 4",2013-07-01,2013
"29","Site 4",2013-07-02,2013
"30","Site 4",2013-07-02,2013
"31","Site 4",2013-07-03,2013
"32","Site 5",2013-05-23,2013
"33","Site 5",2013-05-28,2013
"34","Site 5",2013-06-04,2013
"35","Site 5",2013-06-14,2013
"36","Site 5",2013-06-20,2013
"37","Site 5",2013-06-28,2013
"38","Site 6",2013-05-23,2013
"39","Site 6",2013-07-06,2013
"40","Site 7",2013-06-13,2013
"41","Site 7",2013-06-18,2013
"42","Site 7",2013-07-07,2013
"43","Site 7",2013-07-01,2013
"44","Site 7",2013-07-02,2013
"45","Site 7",2013-07-03,2013
"46","Site 8",2013-05-16,2013
"47","Site 8",2013-05-24,2013
"48","Site 8",2013-05-04,2013
"49","Site 8",2013-05-30,2013
"50","Site 8",2013-06-12,2013
"51","Site 8",2013-06-13,2013
"52","Site 8",2013-06-29,2013
"53","Site 8",2013-07-04,2013
"54","Site 8",2013-07-01,2013
"55","Site 8",2013-07-02,2013
"56","Site 8",2013-07-02,2013
"57","Site 9",2013-06-05,2013
"58","Site 9",2013-07-08,2013
"59","Site 9",2013-07-02,2013
"60","Site 10",2013-05-24,2013
"61","Site 10",2013-05-30,2013
"62","Site 10",2013-06-09,2013
"63","Site 10",2013-07-04,2013
"64","Site 11",2013-05-24,2013
"65","Site 11",2013-05-25,2013
"66","Site 11",2013-05-29,2013
"67","Site 11",2013-06-01,2013
"68","Site 11",2013-06-09,2013
"69","Site 11",2013-06-09,2013
"70","Site 11",2013-07-09,2013
"71","Site 12 PEFA",2013-05-26,2013
"72","Site 12 PEFA",2013-06-01,2013
"73","Site 12 PEFA",2013-06-01,2013
"74","Site 12 PEFA",2013-06-01,2013
"75","Site 12 PEFA",2013-06-14,2013
"76","Site 12 PEFA",2013-06-24,2013
"77","Site 12 PEFA",2013-07-04,2013
"78","Site 12 PEFA",2013-07-01,2013
"79","Site 12 PEFA",2013-07-01,2013
"80","Site 12 PEFA",2013-07-01,2013
"81","Site 12 PEFA",2013-07-01,2013
"82","Site 12 PEFA",2013-07-02,2013
"83","Site 12 PEFA",2013-07-28,2013
"84","Site 13",2013-06-01,2013
"85","Site 13",2013-06-14,2013
"86","Site 13",2013-07-04,2013
"87","Site 13",2013-07-01,2013
"88","Site 14",2013-06-27,2013
"89","Site 14",2013-07-02,2013
"90","Site 16",2013-05-25,2013
"91","Site 16",2013-06-13,2013
"92","Site 16",2013-06-23,2013
"93","Site 16",2013-07-08,2013
"94","Site 16",2013-07-01,2013
"95","Site 16",2013-07-02,2013
"96","Site 16",2013-07-02,2013
"97","Site 17",2013-06-23,2013
"98","Site 17",2013-07-08,2013
"99","Site 18",2013-05-21,2013
"100","Site 18",2013-05-22,2013
"101","Site 18",2013-06-01,2013
"102","Site 18",2013-06-01,2013
"103","Site 18",2013-06-11,2013
"104","Site 18",2013-06-12,2013
"105","Site 18",2013-06-21,2013
"106","Site 18",2013-07-01,2013
"107","Site 18",2013-07-01,2013
"108","Site 18",2013-07-02,2013
"109","Site 18",2013-07-02,2013
"110","Site 19",2013-05-25,2013
"111","Site 19",2013-06-13,2013
"112","Site 19",2013-06-23,2013
"113","Site 19",2013-07-08,2013
"114","Site 19",2013-07-01,2013
"115","Site 19",2013-07-01,2013
"116","Site 19",2013-07-02,2013
"117","Site 19",2013-07-02,2013
"118","Site 19",2013-07-03,2013
"119","Site 20",2013-06-11,2013
"120","Site 20",2013-06-08,2013
"121","Site 20",2013-06-16,2013
"122","Site 20",2013-06-11,2013
"123","Site 20",2013-06-16,2013
"124","Site 20",2013-07-01,2013
"125","Site 20",2013-07-02,2013
"126","Site 21",2013-06-03,2013
"127","Site 21",2013-06-23,2013
"128","Site 22",2013-05-25,2013
"129","Site 22",2013-06-03,2013
"130","Site 22",2013-06-13,2013
"131","Site 22",2013-06-23,2013
"132","Site 22",2013-07-08,2013
"133","Site 22",2013-07-04,2013
"134","Site 22",2013-07-01,2013
"135","Site 22",2013-07-03,2013
"136","Site 22",2013-07-01,2013
"137","Site 22",2013-07-02,2013
"138","Site 22",2013-07-02,2013
"139","Site 23",2013-05-25,2013
"140","Site 23",2013-06-03,2013
"141","Site 23",2013-06-13,2013
"142","Site 23",2013-06-23,2013
"143","Site 23",2013-07-08,2013
"144","Site 23",2013-07-01,2013
"145","Site 23",2013-07-01,2013
"146","Site 23",2013-07-02,2013
"147","Site 23",2013-07-02,2013
"148","Site 24",2013-05-25,2013
"149","Site 24",2013-06-23,2013
"150","Site 24",2013-07-08,2013
"151","Site 25",2013-05-25,2013
"152","Site 25",2013-06-23,2013
"153","Site 25",2013-07-08,2013
"154","Site 26",2013-05-25,2013
"155","Site 26",2013-06-10,2013
"156","Site 27",2013-05-28,2013
"157","Site 27",2013-06-03,2013
"158","Site 27",2013-06-05,2013
"159","Site 27",2013-06-10,2013
"160","Site 27",2013-07-07,2013
"161","Site 28",2013-05-28,2013
"162","Site 28",2013-06-03,2013
"163","Site 28",2013-06-05,2013
"164","Site 28",2013-06-10,2013
"165","Site 28",2013-06-20,2013
"166","Site 28",2013-07-07,2013
"167","Site 28",2013-07-01,2013
"168","Site 28",2013-07-02,2013
"169","Site 28",2013-07-03,2013
"170","Site 29",2013-05-24,2013
"171","Site 29",2013-05-29,2013
"172","Site 29",2013-06-02,2013
"173","Site 29",2013-06-03,2013
"174","Site 29",2013-06-05,2013
"175","Site 29",2013-06-02,2013
"176","Site 29",2013-06-10,2013
"177","Site 29",2013-07-07,2013
"178","Site 30",2013-05-24,2013
"179","Site 30",2013-05-25,2013
"180","Site 30",2013-05-28,2013
"181","Site 30",2013-05-30,2013
"182","Site 30",2013-06-09,2013
"183","Site 30",2013-06-18,2013
"184","Site 30",2013-06-18,2013
"185","Site 30",2013-07-07,2013
"186","Site 30",2013-07-05,2013
"187","Site 30",2013-07-01,2013
"188","Site 30",2013-07-01,2013
"189","Site 30",2013-07-01,2013
"190","Site 30",2013-07-02,2013
"191","Site 30",2013-07-02,2013
"192","Site 31",2013-05-28,2013
"193","Site 31",2013-06-05,2013
"194","Site 31",2013-06-14,2013
"195","Site 31",2013-06-24,2013
"196","Site 31",2013-07-04,2013
"197","Site 31",2013-07-01,2013
"198","Site 31",2013-07-02,2013
"199","Site 31",2013-07-02,2013
"200","Site 33",2013-05-25,2013
"201","Site 33",2013-06-02,2013
"202","Site 33",2013-06-14,2013
"203","Site 33",2013-06-24,2013
"204","Site 33",2013-07-04,2013
"205","Site 33",2013-07-01,2013
"206","Site 33",2013-07-01,2013
"207","Site 33",2013-07-02,2013
"208","Site 33",2013-07-02,2013
"209","Site 33",2013-07-02,2013
"210","Site 33",2013-07-03,2013
"211","Site 34",2013-05-25,2013
"212","Site 34",2013-06-03,2013
"213","Site 34",2013-06-14,2013
"214","Site 34",2013-07-04,2013
"215","Site 35",2013-05-26,2013
"216","Site 35",2013-06-01,2013
"217","Site 35",2013-06-19,2013
"218","Site 35",2013-06-02,2013
"219","Site 35",2013-06-29,2013
"220","Site 35",2013-07-09,2013
"221","Site 35",2013-07-01,2013
"222","Site 35",2013-07-02,2013
"223","Site 35",2013-07-02,2013
"224","Site 36",2013-05-25,2013
"225","Site 36",2013-06-01,2013
"226","Site 36",2013-06-09,2013
"227","Site 37",2013-05-24,2013
"228","Site 37",2013-05-27,2013
"229","Site 37",2013-06-26,2013
"230","Site 38",2013-05-30,2013
"231","Site 38",2013-06-03,2013
"232","Site 38",2013-06-05,2013
"233","Site 38",2013-06-09,2013
"234","Site 38",2013-07-07,2013
"235","Site 38",2013-07-01,2013
"236","Site 39",2013-05-26,2013
"237","Site 39",2013-06-01,2013
"238","Site 39",2013-06-14,2013
"239","Site 39",2013-06-24,2013
"240","Site 39",2013-07-04,2013
"241","Site 39",2013-07-01,2013
"242","Site 39",2013-07-02,2013
"243","Site 39",2013-07-02,2013
"244","Site 39",2013-07-03,2013
"245","Site 41",2013-05-26,2013
"246","Site 41",2013-06-01,2013
"247","Site 41",2013-06-21,2013
"248","Site 42",2013-06-01,2013
"249","Site 42",2013-06-14,2013
"250","Site 42",2013-06-21,2013
"251","Site 44",2013-05-26,2013
"252","Site 44",2013-06-01,2013
"253","Site 44",2013-06-14,2013
"254","Site 44",2013-06-21,2013
"255","Site 44",2013-06-21,2013
"256","Site 44",2013-07-04,2013
"257","Site 44",2013-07-01,2013
"258","Site 44",2013-07-02,2013
"259","Site 44",2013-07-02,2013
"260","Site 101",2013-07-04,2013
"261","Site 101",2013-07-01,2013
"262","Site 102",2013-06-01,2013
"263","Site 102",2013-07-01,2013
"264","Site 45",2013-06-01,2013
"265","Site 45",2013-06-14,2013
"266","Site 45",2013-06-21,2013
"267","Site 45",2013-07-04,2013
"268","Site 45",2013-07-01,2013
"269","Site 103",2013-05-24,2013
"270","Site 103",2013-06-26,2013
"271","Site 46",2013-05-24,2013
"272","Site 46",2013-05-27,2013
"273","Site 46",2013-06-26,2013
"274","Site 47",2013-06-09,2013
"275","Site 47",2013-06-16,2013
"276","Site 47",2013-06-25,2013
"277","Site 47",2013-07-04,2013
"278","Site 47",2013-07-01,2013
"279","Site 47",2013-07-02,2013
"280","Site 48",2013-06-01,2013
"281","Site 48",2013-06-15,2013
"282","Site 48",2013-07-02,2013
"283","Site 48",2013-07-02,2013
"284","Site 49",2013-05-25,2013
"285","Site 49",2013-06-01,2013
"286","Site 49",2013-06-09,2013
"287","Site 50",2013-05-25,2013
"288","Site 50",2013-05-29,2013
"289","Site 50",2013-06-06,2013
"290","Site 50",2013-06-09,2013
"291","Site 50",2013-06-10,2013
"292","Site 50",2013-06-13,2013
"293","Site 50",2013-06-19,2013
"294","Site 50",2013-06-29,2013
"295","Site 50",2013-07-09,2013
"296","Site 50",2013-07-01,2013
"297","Site 50",2013-07-02,2013
"298","Site 50",2013-07-02,2013
"299","Site 50",2013-07-03,2013
"300","Site 104",2013-07-09,2013
"301","Site 104",2013-07-02,2013
"302","Site 105",2013-05-25,2013
"303","Site 105",2013-07-09,2013
"304","Site 51",2013-05-25,2013
"305","Site 51",2013-05-29,2013
"306","Site 51",2013-06-09,2013
"307","Site 51",2013-07-09,2013
"308","Site 52",2013-05-24,2013
"309","Site 52",2013-05-25,2013
"310","Site 52",2013-05-29,2013
"311","Site 52",2013-06-05,2013
"312","Site 52",2013-06-01,2013
"313","Site 52",2013-06-09,2013
"314","Site 52",2013-07-01,2013
"315","Site 53",2013-05-28,2013
"316","Site 53",2013-05-30,2013
"317","Site 53",2013-06-09,2013
"318","Site 53",2013-06-05,2013
"319","Site 53",2013-06-09,2013
"320","Site 53",2013-06-11,2013
"321","Site 53",2013-06-22,2013
"322","Site 53",2013-07-07,2013
"323","Site 53",2013-07-01,2013
"324","Site 53",2013-07-02,2013
"325","Site 53",2013-07-01,2013
"326","Site 53",2013-07-02,2013
"327","Site 54",2013-05-28,2013
"328","Site 54",2013-06-05,2013
"329","Site 55",2013-05-25,2013
"330","Site 55",2013-05-29,2013
"331","Site 55",2013-06-16,2013
"332","Site 55",2013-08-03,2013
"333","Site 56",2013-05-25,2013
"334","Site 56",2013-06-16,2013
"335","Site 57",2013-05-28,2013
"336","Site 57",2013-06-14,2013
"337","Site 57",2013-07-04,2013
"338","Site 58",2013-05-23,2013
"339","Site 58",2013-05-24,2013
"340","Site 58",2013-05-28,2013
"341","Site 58",2013-06-03,2013
"342","Site 58",2013-06-11,2013
"343","Site 58",2013-06-20,2013
"344","Site 58",2013-06-30,2013
"345","Site 106",2013-06-15,2013
"346","Site 106",2013-06-20,2013
"347","Site 106",2013-07-01,2013
"348","Site 106",2013-07-01,2013
"349","Site 106",2013-07-01,2013
"350","Site 106",2013-07-02,2013
"351","Site 59",2013-05-23,2013
"352","Site 59",2013-05-24,2013
"353","Site 59",2013-06-03,2013
"354","Site 59",2013-06-20,2013
"355","Site 59",2013-06-30,2013
"356","Site 59",2013-07-01,2013
"357","Site 60",2013-06-03,2013
"358","Site 60",2013-06-05,2013
"359","Site 60",2013-06-10,2013
"360","Site 60",2013-07-07,2013
"361","Site 61",2013-05-22,2013
"362","Site 61",2013-06-13,2013
"363","Site 61",2013-06-23,2013
"364","Site 61",2013-07-03,2013
"365","Site 61",2013-07-01,2013
"366","Site 61",2013-07-02,2013
"367","Site 61",2013-07-02,2013
"368","Site 63",2013-05-22,2013
"369","Site 63",2013-05-23,2013
"370","Site 63",2013-06-11,2013
"371","Site 63",2013-06-07,2013
"372","Site 63",2013-06-18,2013
"373","Site 63",2013-06-23,2013
"374","Site 63",2013-06-30,2013
"375","Site 65",2013-05-24,2013
"376","Site 65",2013-05-25,2013
"377","Site 65",2013-06-10,2013
"378","Site 65",2013-06-20,2013
"379","Site 65",2013-07-07,2013
"380","Site 65",2013-07-01,2013
"381","Site 65",2013-07-02,2013
"382","Site 66",2013-05-23,2013
"383","Site 66",2013-05-24,2013
"384","Site 66",2013-06-02,2013
"385","Site 66",2013-06-11,2013
"386","Site 66",2013-06-20,2013
"387","Site 66",2013-07-06,2013
"388","Site 67",2013-05-22,2013
"389","Site 67",2013-06-11,2013
"390","Site 67",2013-06-05,2013
"391","Site 67",2013-06-21,2013
"392","Site 67",2013-07-01,2013
"393","Site 67",2013-07-01,2013
"394","Site 67",2013-07-01,2013
"395","Site 67",2013-07-02,2013
"396","Site 67",2013-07-02,2013
"397","Site 67",2013-07-03,2013
"398","Site 67",2013-07-18,2013
"399","Site 68",2013-06-26,2013
"400","Site 69",2013-05-25,2013
"401","Site 69",2013-06-14,2013
"402","Site 69",2013-07-02,2013
"403","Site 71",2013-05-23,2013
"404","Site 71",2013-06-14,2013
"405","Site 71",2013-06-28,2013
"406","Site 71",2013-07-01,2013
"407","Site 72",2013-05-24,2013
"408","Site 72",2013-05-28,2013
"409","Site 72",2013-05-24,2013
"410","Site 72",2013-06-03,2013
"411","Site 72",2013-06-10,2013
"412","Site 72",2013-06-20,2013
"413","Site 72",2013-06-22,2013
"414","Site 72",2013-07-07,2013
"415","Site 72",2013-07-01,2013
"416","Site 72",2013-07-02,2013
"417","Site 72",2013-07-02,2013
"418","Site 72",2013-07-02,2013
"419","Site 72",2013-07-02,2013
"420","Site 72",2013-07-24,2013
"421","Site 72",2013-07-03,2013
"422","Site 74",2013-05-25,2013
"423","Site 74",2013-05-29,2013
"424","Site 74",2013-06-01,2013
"425","Site 74",2013-06-09,2013
"426","Site 74",2013-06-16,2013
"427","Site 74",2013-06-24,2013
"428","Site 74",2013-07-07,2013
"429","Site 74",2013-07-02,2013
"430","Site 75",2013-06-01,2013
"431","Site 75",2013-06-19,2013
"432","Site 75",2013-06-05,2013
"433","Site 75",2013-06-29,2013
"434","Site 75",2013-07-09,2013
"435","Site 75",2013-07-01,2013
"436","Site 75",2013-07-01,2013
"437","Site 75",2013-07-02,2013
"438","Site 75",2013-07-02,2013
"439","Site 76",2013-06-17,2013
"440","Site 77",2013-05-23,2013
"441","Site 77",2013-05-27,2013
"442","Site 77",2013-06-11,2013
"443","Site 77",2013-06-18,2013
"444","Site 77",2013-06-13,2013
"445","Site 77",2013-06-25,2013
"446","Site 77",2013-07-05,2013
"447","Site 77",2013-07-01,2013
"448","Site 77",2013-07-02,2013
"449","Site 77",2013-07-03,2013
"450","Site 107",2013-06-18,2013
"451","Site 107",2013-07-05,2013
"452","Site 78",2013-05-29,2013
"453","Site 78",2013-06-16,2013
"454","Site 78",2013-06-24,2013
"455","Site 78",2013-06-30,2013
"456","Site 78",2013-07-05,2013
"457","Site 78",2013-07-01,2013
"458","Site 78",2013-07-02,2013
"459","Site 78",2013-07-02,2013
"460","Site 108",2013-06-16,2013
"461","Site 108",2013-07-01,2013
"462","Site 108",2013-07-08,2013
"463","Site 108",2013-07-04,2013
"464","Site 79",2013-05-22,2013
"465","Site 79",2013-06-16,2013
"466","Site 79",2013-06-25,2013
"467","Site 79",2013-07-09,2013
"468","Site 79",2013-07-05,2013
"469","Site 79",2013-07-01,2013
"470","Site 79",2013-07-01,2013
"471","Site 79",2013-07-01,2013
"472","Site 79",2013-07-02,2013
"473","Site 79",2013-07-02,2013
"474","Site 80",2013-05-25,2013
"475","Site 80",2013-05-28,2013
"476","Site 80",2013-06-03,2013
"477","Site 80",2013-06-10,2013
"478","Site 80",2013-06-20,2013
"479","Site 80",2013-07-07,2013
"480","Site 80",2013-07-01,2013
"481","Site 80",2013-07-02,2013
"482","Site 82",2013-05-25,2013
"483","Site 82",2013-06-03,2013
"484","Site 82",2013-07-01,2013
"485","Site 84",2013-05-27,2013
"486","Site 84",2013-06-02,2013
"487","Site 84",2013-06-26,2013
"488","Site 84",2013-07-02,2013
"489","Site 109",2013-06-26,2013
"490","Site 109",2013-07-02,2013
"491","Site 85",2013-06-26,2013
"492","Site 85",2013-07-01,2013
"493","Site 85",2013-07-02,2013
"494","Site 85",2013-07-02,2013
"495","Site 86",2013-05-23,2013
"496","Site 86",2013-06-01,2013
"497","Site 86",2013-06-15,2013
"498","Site 87",2013-05-23,2013
"499","Site 87",2013-06-14,2013
"500","Site 87",2013-06-28,2013
"501","Site 88",2013-05-22,2013
"502","Site 88",2013-05-23,2013
"503","Site 88",2013-05-27,2013
"504","Site 88",2013-06-12,2013
"505","Site 88",2013-06-21,2013
"506","Site 88",2013-07-01,2013
"507","Site 88",2013-07-01,2013
"508","Site 88",2013-07-02,2013
"509","Site 88",2013-07-02,2013
"510","Site 88",2013-07-03,2013
"511","Site 113",2013-07-01,2013
"512","Site 113",2013-08-09,2013
"513","Site 89",2013-05-22,2013
"514","Site 89",2013-05-23,2013
"515","Site 89",2013-05-27,2013
"516","Site 89",2013-06-13,2013
"517","Site 89",2013-06-14,2013
"518","Site 89",2013-06-15,2013
"519","Site 89",2013-06-21,2013
"520","Site 89",2013-06-29,2013
"521","Site 94",2013-06-26,2013
"522","Site 95",2013-05-23,2013
"523","Site 95",2013-05-27,2013
"524","Site 95",2013-06-26,2013
"525","Site 95",2013-07-01,2013
"526","Site 114",2013-07-01,2013
"527","Site 115",2013-05-27,2013
"528","Site 115",2013-06-26,2013
"529","Site 97",2013-05-25,2013
"530","Site 97",2013-06-02,2013
"531","Site 97",2013-06-01,2013
"532","Site 97",2013-06-09,2013
"533","Site 97",2013-06-05,2013
"534","Site 97",2013-06-18,2013
"535","Site 97",2013-07-07,2013
"536","Site 97",2013-07-01,2013
"537","Site 97",2013-07-02,2013
"538","Site 98",2013-05-23,2013
"539","Site 98",2013-06-13,2013
"540","Site 98",2013-06-25,2013
"541","Site 98",2013-07-05,2013
"542","Site 98",2013-07-01,2013
"543","Site 98",2013-07-01,2013
"544","Site 98",2013-07-02,2013
"545","Site 98",2013-07-02,2013
"546","Site 116",2013-06-13,2013
"547","Site 116",2013-07-05,2013
"548","Site 116",2013-07-01,2013
"549","Site 116",2013-07-02,2013
"550","Site 99",2013-06-20,2013
"551","Site 99",2013-06-28,2013
"552","Site 100",2013-05-24,2013
"553","Site 100",2013-06-11,2013
"554","Site 100",2013-06-26,2013
"555","Site 100",2013-07-08,2013
"556","Site 100",2013-07-01,2013
"557","Site 100",2013-07-02,2013
"558","Site 100",2013-07-02,2013
"559","Site 110",2013-06-27,2013
"560","Site 110",2013-07-02,2013
"561","Site 111",2013-06-24,2013
"562","Site 111",2013-07-07,2013
"563","NEW PEFA 2013 5",2013-06-24,2013
"564","NEW PEFA 2013 5",2013-07-07,2013
"565","NEW RLHA 2013 5",2013-07-07,2013
"566","NEW RLHA 2013 6",2013-07-01,2013
"567","Site1",2014-05-17,2014
"568","Site1",2014-05-30,2014
"569","Site2",2014-05-21,2014
"570","Site2",2014-05-27,2014
"571","Site2",2014-05-28,2014
"572","Site2",2014-06-05,2014
"573","Site2",2014-06-12,2014
"574","Site3",2014-05-19,2014
"575","Site3",2014-05-20,2014
"576","Site3",2014-06-02,2014
"577","Site3",2014-06-09,2014
"578","Site3",2014-06-11,2014
"579","Site3",2014-06-12,2014
"580","Site3",2014-06-12,2014
"581","Site3",2014-06-13,2014
"582","Site3",2014-06-12,2014
"583","Site3",2014-06-02,2014
"584","Site3",2014-06-15,2014
"585","Site3",2014-06-15,2014
"586","Site3",2014-06-01,2014
"587","Site3",2014-06-18,2014
"588","Site3",2014-07-01,2014
"589","Site3",2014-07-02,2014
"590","Site3",2014-07-01,2014
"591","Site3",2014-07-02,2014
"592","Site4",2014-05-21,2014
"593","Site4",2014-05-28,2014
"594","Site4",2014-06-08,2014
"595","Site4",2014-06-13,2014
"596","Site5",2014-05-21,2014
"597","Site5",2014-05-30,2014
"598","Site5",2014-06-08,2014
"599","Site5",2014-06-10,2014
"600","Site5",2014-06-13,2014
"601","Site5",2014-06-10,2014
"602","Site5",2014-06-21,2014
"603","Site5",2014-06-21,2014
"604","Site5",2014-06-21,2014
"605","Site5",2014-06-23,2014
"606","Site5",2014-06-28,2014
"607","Site5",2014-07-09,2014
"608","Site6",2014-05-28,2014
"609","Site6",2014-06-13,2014
"610","Site7",2014-05-22,2014
"611","Site7",2014-05-24,2014
"612","Site7",2014-05-27,2014
"613","Site7",2014-06-05,2014
"614","Site7",2014-06-12,2014
"615","Site7",2014-06-05,2014
"616","Site7",2014-06-23,2014
"617","Site7",2014-07-07,2014
"618","Site7",2014-07-01,2014
"619","Site7",2014-07-02,2014
"620","Site7",2014-08-02,2014
"621","Site8",2014-05-18,2014
"622","Site8",2014-05-19,2014
"623","Site8",2014-05-21,2014
"624","Site8",2014-05-28,2014
"625","Site8",2014-06-08,2014
"626","Site8",2014-06-05,2014
"627","Site8",2014-06-06,2014
"628","Site8",2014-06-08,2014
"629","Site8",2014-06-10,2014
"630","Site8",2014-06-10,2014
"631","Site8",2014-06-11,2014
"632","Site8",2014-06-15,2014
"633","Site8",2014-06-15,2014
"634","Site8",2014-07-02,2014
"635","Site8",2014-07-02,2014
"636","Site9",2014-06-16,2014
"637","Site10",2014-05-18,2014
"638","Site10",2014-05-19,2014
"639","Site10",2014-05-26,2014
"640","Site11",2014-05-18,2014
"641","Site11",2014-05-21,2014
"642","Site11",2014-05-28,2014
"643","Site11",2014-06-01,2014
"644","Site11",2014-06-23,2014
"645","Site12",2014-05-19,2014
"646","Site12",2014-05-20,2014
"647","Site12",2014-06-09,2014
"648","Site12",2014-06-04,2014
"649","Site12",2014-06-18,2014
"650","Site12",2014-07-01,2014
"651","Site12",2014-07-05,2014
"652","Site12",2014-07-01,2014
"653","Site12",2014-07-01,2014
"654","Site12",2014-07-01,2014
"655","Site12",2014-07-08,2014
"656","Site12",2014-07-02,2014
"657","Site12",2014-07-02,2014
"658","Site13",2014-06-09,2014
"659","Site13",2014-07-04,2014
"660","Site13",2014-07-02,2014
"661","Site15",2014-05-18,2014
"662","Site15",2014-05-21,2014
"663","Site16",2014-05-22,2014
"664","Site16",2014-06-08,2014
"665","Site16",2014-06-17,2014
"666","Site16",2014-07-02,2014
"667","Site17",2014-05-22,2014
"668","Site17",2014-06-08,2014
"669","Site18",2014-05-17,2014
"670","Site18",2014-05-21,2014
"671","Site18",2014-05-23,2014
"672","Site18",2014-06-08,2014
"673","Site18",2014-06-18,2014
"674","Site19",2014-05-22,2014
"675","Site19",2014-06-08,2014
"676","Site19",2014-06-09,2014
"677","Site19",2014-06-11,2014
"678","Site19",2014-06-03,2014
"679","Site19",2014-06-17,2014
"680","Site19",2014-07-02,2014
"681","Site20",2014-06-08,2014
"682","Site20",2014-06-09,2014
"683","Site20",2014-06-03,2014
"684","Site20",2014-06-12,2014
"685","Site20",2014-06-12,2014
"686","Site20",2014-06-29,2014
"687","Site20",2014-07-05,2014
"688","Site20",2014-07-01,2014
"689","Site20",2014-07-01,2014
"690","Site20",2014-07-01,2014
"691","Site20",2014-07-02,2014
"692","Site20",2014-07-02,2014
"693","Site20",2014-07-02,2014
"694","Site20",2014-07-03,2014
"695","Site21",2014-05-22,2014
"696","Site21",2014-05-24,2014
"697","Site21",2014-06-08,2014
"698","Site22",2014-05-22,2014
"699","Site22",2014-05-24,2014
"700","Site22",2014-06-08,2014
"701","Site22",2014-06-14,2014
"702","Site23",2014-05-22,2014
"703","Site23",2014-05-24,2014
"704","Site23",2014-06-08,2014
"705","Site23",2014-06-04,2014
"706","Site23",2014-06-14,2014
"707","Site23",2014-07-02,2014
"708","Site23",2014-08-08,2014
"709","Site26",2014-06-09,2014
"710","Site27",2014-05-21,2014
"711","Site27",2014-05-22,2014
"712","Site27",2014-06-08,2014
"713","Site28",2014-05-17,2014
"714","Site28",2014-05-21,2014
"715","Site28",2014-05-22,2014
"716","Site28",2014-05-24,2014
"717","Site28",2014-06-09,2014
"718","Site28",2014-06-03,2014
"719","Site28",2014-06-14,2014
"720","Site28",2014-07-01,2014
"721","Site28",2014-07-02,2014
"722","Site28",2014-07-05,2014
"723","Site28",2014-07-02,2014
"724","Site28",2014-07-03,2014
"725","Site28",2014-08-01,2014
"726","Site28",2014-08-05,2014
"727","Site28",2014-08-03,2014
"728","Site29",2014-05-21,2014
"729","Site29",2014-05-22,2014
"730","Site29",2014-06-09,2014
"731","Site30",2014-05-18,2014
"732","Site30",2014-05-21,2014
"733","Site30",2014-05-22,2014
"734","Site30",2014-06-05,2014
"735","Site30",2014-06-12,2014
"736","Site30",2014-07-04,2014
"737","Site30",2014-07-02,2014
"738","Site31",2014-05-21,2014
"739","Site31",2014-05-28,2014
"740","Site31",2014-06-06,2014
"741","Site31",2014-06-16,2014
"742","Site31",2014-06-04,2014
"743","Site31",2014-06-26,2014
"744","Site31",2014-07-09,2014
"745","Site31",2014-07-02,2014
"746","Site31",2014-07-02,2014
"747","Site32",2014-06-06,2014
"748","Site33",2014-05-19,2014
"749","Site33",2014-05-21,2014
"750","Site33",2014-06-06,2014
"751","Site33",2014-06-08,2014
"752","Site33",2014-06-03,2014
"753","Site33",2014-06-16,2014
"754","Site33",2014-06-01,2014
"755","Site33",2014-06-26,2014
"756","Site33",2014-07-09,2014
"757","Site33",2014-07-01,2014
"758","Site33",2014-07-01,2014
"759","Site33",2014-07-02,2014
"760","Site33",2014-07-04,2014
"761","Site33",2014-07-03,2014
"762","Site34",2014-06-06,2014
"763","Site35",2014-05-19,2014
"764","Site35",2014-05-20,2014
"765","Site35",2014-05-23,2014
"766","Site35",2014-06-08,2014
"767","Site35",2014-06-09,2014
"768","Site35",2014-06-09,2014
"769","Site35",2014-06-09,2014
"770","Site35",2014-06-11,2014
"771","Site35",2014-06-12,2014
"772","Site35",2014-06-11,2014
"773","Site35",2014-06-08,2014
"774","Site35",2014-06-11,2014
"775","Site35",2014-06-22,2014
"776","Site35",2014-07-02,2014
"777","Site35",2014-07-01,2014
"778","Site35",2014-07-01,2014
"779","Site35",2014-07-01,2014
"780","Site35",2014-07-02,2014
"781","Site35",2014-07-13,2014
"782","Site35",2014-07-02,2014
"783","Site37",2014-05-29,2014
"784","Site38",2014-05-21,2014
"785","Site38",2014-05-27,2014
"786","Site38",2014-05-28,2014
"787","Site38",2014-06-12,2014
"788","Site39",2014-05-19,2014
"789","Site39",2014-05-20,2014
"790","Site39",2014-05-23,2014
"791","Site39",2014-06-02,2014
"792","Site39",2014-06-09,2014
"793","Site39",2014-06-04,2014
"794","Site39",2014-06-15,2014
"795","Site39",2014-06-18,2014
"796","Site39",2014-07-01,2014
"797","Site39",2014-07-01,2014
"798","Site39",2014-07-02,2014
"799","Site40",2014-05-19,2014
"800","Site40",2014-05-23,2014
"801","Site40",2014-06-02,2014
"802","Site40",2014-06-09,2014
"803","Site44",2014-05-19,2014
"804","Site44",2014-05-23,2014
"805","Site44",2014-06-02,2014
"806","Site44",2014-06-09,2014
"807","Site44",2014-06-04,2014
"808","Site44",2014-06-10,2014
"809","Site44",2014-06-10,2014
"810","Site44",2014-06-03,2014
"811","Site44",2014-06-13,2014
"812","Site44",2014-06-15,2014
"813","Site44",2014-06-18,2014
"814","Site44",2014-07-01,2014
"815","Site44",2014-07-01,2014
"816","Site44",2014-07-01,2014
"817","Site44",2014-07-05,2014
"818","Site44",2014-07-02,2014
"819","Site44",2014-07-04,2014
"820","Site44",2014-07-02,2014
"821","Site44",2014-08-04,2014
"822","Site45",2014-05-19,2014
"823","Site45",2014-05-20,2014
"824","Site45",2014-05-23,2014
"825","Site45",2014-06-02,2014
"826","Site45",2014-06-09,2014
"827","Site46",2014-05-29,2014
"828","Site46",2014-08-04,2014
"829","Site47",2014-05-27,2014
"830","Site47",2014-06-05,2014
"831","Site47",2014-06-07,2014
"832","Site47",2014-06-08,2014
"833","Site47",2014-06-09,2014
"834","Site47",2014-06-11,2014
"835","Site47",2014-06-16,2014
"836","Site47",2014-06-26,2014
"837","Site47",2014-06-29,2014
"838","Site47",2014-07-01,2014
"839","Site47",2014-07-02,2014
"840","Site47",2014-07-03,2014
"841","Site49",2014-07-02,2014
"842","Site50",2014-05-18,2014
"843","Site50",2014-05-21,2014
"844","Site50",2014-05-28,2014
"845","Site50",2014-06-11,2014
"846","Site50",2014-06-16,2014
"847","Site50",2014-06-26,2014
"848","Site50",2014-07-09,2014
"849","Site50",2014-07-01,2014
"850","Site50",2014-07-01,2014
"851","Site50",2014-07-02,2014
"852","Site50",2014-07-03,2014
"853","Site51",2014-05-21,2014
"854","Site51",2014-05-28,2014
"855","Site51",2014-06-01,2014
"856","Site51",2014-06-08,2014
"857","Site51",2014-06-12,2014
"858","Site51",2014-06-13,2014
"859","Site51",2014-06-03,2014
"860","Site51",2014-06-23,2014
"861","Site51",2014-07-01,2014
"862","Site51",2014-07-01,2014
"863","Site51",2014-07-01,2014
"864","Site51",2014-07-01,2014
"865","Site51",2014-07-02,2014
"866","Site51",2014-07-08,2014
"867","Site51",2014-07-02,2014
"868","Site51",2014-07-03,2014
"869","Site51",2014-08-05,2014
"870","Site52",2014-05-18,2014
"871","Site52",2014-05-19,2014
"872","Site52",2014-05-21,2014
"873","Site52",2014-05-27,2014
"874","Site52",2014-05-28,2014
"875","Site52",2014-06-12,2014
"876","Site53",2014-05-19,2014
"877","Site53",2014-05-27,2014
"878","Site53",2014-05-28,2014
"879","Site53",2014-06-05,2014
"880","Site53",2014-06-12,2014
"881","Site53",2014-07-02,2014
"882","Site53",2014-07-08,2014
"883","Site53",2014-07-02,2014
"884","Site54",2014-05-19,2014
"885","Site54",2014-05-21,2014
"886","Site54",2014-05-27,2014
"887","Site54",2014-06-05,2014
"888","Site54",2014-07-02,2014
"889","Site55",2014-05-27,2014
"890","Site57",2014-05-19,2014
"891","Site57",2014-05-28,2014
"892","Site57",2014-06-06,2014
"893","Site58",2014-05-21,2014
"894","Site58",2014-06-09,2014
"895","Site58",2014-06-23,2014
"896","Site59",2014-05-30,2014
"897","Site59",2014-05-30,2014
"898","Site59",2014-06-13,2014
"899","Site59",2014-06-06,2014
"900","Site59",2014-06-21,2014
"901","Site59",2014-06-28,2014
"902","Site59",2014-07-09,2014
"903","Site59",2014-07-01,2014
"904","Site59",2014-07-01,2014
"905","Site59",2014-07-01,2014
"906","Site59",2014-07-02,2014
"907","Site59",2014-07-02,2014
"908","Site59",2014-08-04,2014
"909","Site61",2014-05-26,2014
"910","Site61",2014-06-11,2014
"911","Site61",2014-06-20,2014
"912","Site63",2014-05-17,2014
"913","Site63",2014-06-05,2014
"914","Site63",2014-06-05,2014
"915","Site63",2014-06-10,2014
"916","Site63",2014-06-07,2014
"917","Site63",2014-06-22,2014
"918","Site63",2014-06-17,2014
"919","Site63",2014-07-02,2014
"920","Site63",2014-07-01,2014
"921","Site63",2014-07-01,2014
"922","Site63",2014-07-02,2014
"923","Site65",2014-05-21,2014
"924","Site65",2014-05-22,2014
"925","Site65",2014-06-08,2014
"926","Site65",2014-06-14,2014
"927","Site65",2014-06-10,2014
"928","Site65",2014-07-02,2014
"929","Site66",2014-05-21,2014
"930","Site66",2014-06-19,2014
"931","Site67",2014-05-18,2014
"932","Site67",2014-05-26,2014
"933","Site67",2014-06-10,2014
"934","Site67",2014-06-20,2014
"935","Site67",2014-06-30,2014
"936","Site67",2014-07-01,2014
"937","Site67",2014-07-01,2014
"938","Site67",2014-07-02,2014
"939","Site67",2014-07-02,2014
"940","Site67",2014-07-03,2014
"941","Site69",2014-05-19,2014
"942","Site69",2014-05-21,2014
"943","Site69",2014-07-02,2014
"944","Site69",2014-07-02,2014
"945","Site69",2014-07-05,2014
"946","Site69",2014-07-02,2014
"947","Site71",2014-05-21,2014
"948","Site71",2014-05-30,2014
"949","Site71",2014-06-19,2014
"950","Site72",2014-05-24,2014
"951","Site72",2014-06-09,2014
"952","Site72",2014-06-14,2014
"953","Site72",2014-06-23,2014
"954","Site72",2014-07-04,2014
"955","Site72",2014-07-01,2014
"956","Site72",2014-07-02,2014
"957","Site72",2014-07-05,2014
"958","Site72",2014-07-03,2014
"959","Site74",2014-05-27,2014
"960","Site74",2014-07-02,2014
"961","Site75",2014-05-19,2014
"962","Site75",2014-05-20,2014
"963","Site75",2014-05-05,2014
"964","Site75",2014-05-23,2014
"965","Site75",2014-06-08,2014
"966","Site75",2014-06-12,2014
"967","Site75",2014-06-22,2014
"968","Site75",2014-07-02,2014
"969","Site75",2014-07-01,2014
"970","Site75",2014-07-01,2014
"971","Site75",2014-07-01,2014
"972","Site76",2014-06-09,2014
"973","Site76",2014-06-15,2014
"974","Site76",2014-07-01,2014
"975","Site76",2014-07-01,2014
"976","Site76",2014-07-04,2014
"977","Site76",2014-07-02,2014
"978","Site76",2014-07-02,2014
"979","Site77",2014-05-19,2014
"980","Site77",2014-05-20,2014
"981","Site77",2014-05-23,2014
"982","Site77",2014-06-08,2014
"983","Site77",2014-06-12,2014
"984","Site77",2014-06-12,2014
"985","Site77",2014-06-22,2014
"986","Site77",2014-07-02,2014
"987","Site77",2014-07-01,2014
"988","Site77",2014-07-01,2014
"989","Site77",2014-07-01,2014
"990","Site77",2014-07-02,2014
"991","Site77",2014-07-03,2014
"992","Site77",2014-07-05,2014
"993","Site77",2014-07-02,2014
"994","Site77",2014-08-05,2014
"995","Site78",2014-05-27,2014
"996","Site78",2014-06-11,2014
"997","Site78",2014-06-16,2014
"998","Site78",2014-06-26,2014
"999","Site78",2014-07-01,2014
"1000","Site78",2014-07-01,2014
"1001","Site78",2014-07-02,2014
"1002","Site78",2014-07-08,2014
"1003","Site78",2014-07-03,2014
"1004","Site78",2014-08-03,2014
"1005","Site79",2014-05-17,2014
"1006","Site79",2014-05-30,2014
"1007","Site79",2014-06-10,2014
"1008","Site79",2014-06-04,2014
"1009","Site79",2014-06-13,2014
"1010","Site79",2014-06-21,2014
"1011","Site79",2014-06-30,2014
"1012","Site79",2014-06-09,2014
"1013","Site79",2014-07-01,2014
"1014","Site79",2014-07-01,2014
"1015","Site79",2014-07-02,2014
"1016","Site79",2014-07-02,2014
"1017","Site79",2014-07-02,2014
"1018","Site79",2014-07-03,2014
"1019","Site80",2014-05-22,2014
"1020","Site80",2014-05-24,2014
"1021","Site80",2014-06-08,2014
"1022","Site80",2014-06-04,2014
"1023","Site80",2014-06-14,2014
"1024","Site80",2014-07-02,2014
"1025","Site81",2014-05-17,2014
"1026","Site81",2014-05-23,2014
"1027","Site81",2014-05-24,2014
"1028","Site81",2014-05-26,2014
"1029","Site81",2014-05-28,2014
"1030","Site81",2014-06-03,2014
"1031","Site83",2014-05-22,2014
"1032","Site83",2014-06-09,2014
"1033","Site84",2014-05-29,2014
"1034","Site85",2014-05-29,2014
"1035","Site85",2014-06-05,2014
"1036","Site85",2014-06-12,2014
"1037","Site85",2014-06-22,2014
"1038","Site85",2014-07-02,2014
"1039","Site85",2014-07-01,2014
"1040","Site85",2014-07-01,2014
"1041","Site85",2014-07-02,2014
"1042","Site85",2014-07-05,2014
"1043","Site85",2014-07-02,2014
"1044","Site85",2014-08-02,2014
"1045","Site86",2014-05-30,2014
"1046","Site87",2014-05-30,2014
"1047","Site87",2014-06-19,2014
"1048","Site87",2014-06-19,2014
"1049","Site88",2014-05-17,2014
"1050","Site88",2014-05-30,2014
"1051","Site88",2014-06-01,2014
"1052","Site88",2014-06-05,2014
"1053","Site88",2014-06-11,2014
"1054","Site88",2014-06-20,2014
"1055","Site88",2014-06-30,2014
"1056","Site88",2014-07-01,2014
"1057","Site88",2014-07-01,2014
"1058","Site88",2014-07-02,2014
"1059","Site88",2014-07-02,2014
"1060","Site88",2014-07-03,2014
"1061","Site89",2014-05-17,2014
"1062","Site89",2014-06-01,2014
"1063","Site89",2014-06-10,2014
"1064","Site89",2014-06-20,2014
"1065","Site89",2014-06-30,2014
"1066","Site89",2014-07-01,2014
"1067","Site91",2014-05-29,2014
"1068","Site92",2014-05-29,2014
"1069","Site93",2014-05-29,2014
"1070","Site95",2014-05-29,2014
"1071","Site95",2014-06-10,2014
"1072","Site95",2014-06-20,2014
"1073","Site95",2014-06-10,2014
"1074","Site95",2014-06-30,2014
"1075","Site95",2014-07-01,2014
"1076","Site95",2014-07-09,2014
"1077","Site97",2014-05-22,2014
"1078","Site97",2014-05-24,2014
"1079","Site97",2014-05-27,2014
"1080","Site97",2014-06-05,2014
"1081","Site97",2014-06-12,2014
"1082","Site97",2014-06-04,2014
"1083","Site97",2014-06-23,2014
"1084","Site97",2014-07-01,2014
"1085","Site97",2014-07-02,2014
"1086","Site97",2014-07-02,2014
"1087","Site97",2014-07-03,2014
"1088","Site97",2014-08-02,2014
"1089","Site98",2014-05-29,2014
"1090","Site98",2014-06-10,2014
"1091","Site100",2014-06-13,2014
"1092","Site100",2014-06-21,2014
"1093","Site100",2014-07-01,2014
"1094","Site100",2014-07-09,2014
"1095","Site100",2014-07-01,2014
"1096","Site100",2014-07-01,2014
"1097","Site100",2014-07-02,2014
"1098","Site100",2014-07-02,2014
"1099","Site100",2014-07-04,2014
"1100","Site100",2014-07-02,2014
"1101","Site100",2014-08-04,2014
"1102","Site101",2014-05-19,2014
"1103","Site101",2014-05-23,2014
"1104","Site101",2014-06-02,2014
"1105","Site102",2014-05-19,2014
"1106","Site102",2014-05-20,2014
"1107","Site102",2014-05-23,2014
"1108","Site102",2014-06-02,2014
"1109","Site102",2014-06-09,2014
"1110","Site103",2014-05-29,2014
"1111","Site104",2014-06-23,2014
"1112","Site104",2014-07-01,2014
"1113","Site105",2014-05-28,2014
"1114","Site105",2014-06-08,2014
"1115","Site105",2014-06-23,2014
"1116","Site106",2014-05-30,2014
"1117","Site106",2014-06-13,2014
"1118","Site106",2014-06-21,2014
"1119","Site108",2014-06-11,2014
"1120","Site108",2014-07-09,2014
"1121","Site110",2014-05-26,2014
"1122","Site110",2014-08-07,2014
"1123","Site111",2014-05-19,2014
"1124","Site111",2014-05-01,2014
"1125","Site111",2014-06-12,2014
"1126","Site112",2014-06-10,2014
"1127","Site112",2014-08-04,2014
"1128","Site113",2014-06-11,2014
"1129","Site113",2014-06-20,2014
"1130","Site114",2014-05-29,2014
"1131","Site114",2014-06-05,2014
"1132","Site114",2014-06-10,2014
"1133","Site114",2014-06-20,2014
"1134","Site115",2014-05-29,2014
"1135","Site 117",2014-05-29,2014
"1136","Site 118",2014-06-16,2014
"1137","Site 119",2014-06-16,2014
"1138","Site 119",2014-06-26,2014
"1139","Site 119",2014-07-09,2014
"1140","Site 119",2014-07-01,2014
"1141","Site 119",2014-07-02,2014
"1142","Site 119",2014-07-11,2014
"1143","Site 119",2014-07-02,2014
"1144","Site 119",2014-08-01,2014
"1145","Site 119",2014-08-05,2014
"1146","Site 120",2014-06-16,2014
"1147","Site 121",2014-06-20,2014
"1148","Site 122",2014-06-12,2014
"1149","Site 122",2014-06-22,2014
"1150","Site 123",2014-05-28,2014
"1151","Site 124",2014-07-01,2014
"1152","Site 125",2014-07-02,2014
"1153","Site 125",2014-07-02,2014
"1154","Site 126",2014-07-02,2014
"1155","Site 127",2014-07-01,2014
"1156","Cabin",2014-05-30,2014
"1157","Site1",2014-05-17,2014
"1158","Site1",2014-05-30,2014
"1159","Site2",2014-05-21,2014
"1160","Site2",2014-05-27,2014
"1161","Site2",2014-05-28,2014
"1162","Site2",2014-06-05,2014
"1163","Site2",2014-06-12,2014
"1164","Site3",2014-05-19,2014
"1165","Site3",2014-05-20,2014
"1166","Site3",2014-06-02,2014
"1167","Site3",2014-06-09,2014
"1168","Site3",2014-06-11,2014
"1169","Site3",2014-06-12,2014
"1170","Site3",2014-06-12,2014
"1171","Site3",2014-06-13,2014
"1172","Site3",2014-06-12,2014
"1173","Site3",2014-06-02,2014
"1174","Site3",2014-06-15,2014
"1175","Site3",2014-06-15,2014
"1176","Site3",2014-06-01,2014
"1177","Site3",2014-06-18,2014
"1178","Site3",2014-07-01,2014
"1179","Site3",2014-07-02,2014
"1180","Site3",2014-07-01,2014
"1181","Site3",2014-07-02,2014
"1182","Site4",2014-05-21,2014
"1183","Site4",2014-05-28,2014
"1184","Site4",2014-06-08,2014
"1185","Site4",2014-06-13,2014
"1186","Site5",2014-05-21,2014
"1187","Site5",2014-05-30,2014
"1188","Site5",2014-06-08,2014
"1189","Site5",2014-06-10,2014
"1190","Site5",2014-06-13,2014
"1191","Site5",2014-06-10,2014
"1192","Site5",2014-06-21,2014
"1193","Site5",2014-06-21,2014
"1194","Site5",2014-06-21,2014
"1195","Site5",2014-06-23,2014
"1196","Site5",2014-06-28,2014
"1197","Site5",2014-07-09,2014
"1198","Site6",2014-05-28,2014
"1199","Site6",2014-06-13,2014
"1200","Site7",2014-05-22,2014
"1201","Site7",2014-05-24,2014
"1202","Site7",2014-05-27,2014
"1203","Site7",2014-06-05,2014
"1204","Site7",2014-06-12,2014
"1205","Site7",2014-06-05,2014
"1206","Site7",2014-06-23,2014
"1207","Site7",2014-07-07,2014
"1208","Site7",2014-07-01,2014
"1209","Site7",2014-07-02,2014
"1210","Site7",2014-08-02,2014
"1211","Site8",2014-05-18,2014
"1212","Site8",2014-05-19,2014
"1213","Site8",2014-05-21,2014
"1214","Site8",2014-05-28,2014
"1215","Site8",2014-06-08,2014
"1216","Site8",2014-06-05,2014
"1217","Site8",2014-06-06,2014
"1218","Site8",2014-06-08,2014
"1219","Site8",2014-06-10,2014
"1220","Site8",2014-06-10,2014
"1221","Site8",2014-06-11,2014
"1222","Site8",2014-06-15,2014
"1223","Site8",2014-06-15,2014
"1224","Site8",2014-07-02,2014
"1225","Site8",2014-07-02,2014
"1226","Site9",2014-06-16,2014
"1227","Site10",2014-05-18,2014
"1228","Site10",2014-05-19,2014
"1229","Site10",2014-05-26,2014
"1230","Site11",2014-05-18,2014
"1231","Site11",2014-05-21,2014
"1232","Site11",2014-05-28,2014
"1233","Site11",2014-06-01,2014
"1234","Site11",2014-06-23,2014
"1235","Site12",2014-05-19,2014
"1236","Site12",2014-05-20,2014
"1237","Site12",2014-06-09,2014
"1238","Site12",2014-06-04,2014
"1239","Site12",2014-06-18,2014
"1240","Site12",2014-07-01,2014
"1241","Site12",2014-07-05,2014
"1242","Site12",2014-07-01,2014
"1243","Site12",2014-07-01,2014
"1244","Site12",2014-07-01,2014
"1245","Site12",2014-07-08,2014
"1246","Site12",2014-07-02,2014
"1247","Site12",2014-07-02,2014
"1248","Site13",2014-06-09,2014
"1249","Site13",2014-07-04,2014
"1250","Site13",2014-07-02,2014
"1251","Site15",2014-05-18,2014
"1252","Site15",2014-05-21,2014
"1253","Site16",2014-05-22,2014
"1254","Site16",2014-06-08,2014
"1255","Site16",2014-06-17,2014
"1256","Site16",2014-07-02,2014
"1257","Site17",2014-05-22,2014
"1258","Site17",2014-06-08,2014
"1259","Site18",2014-05-17,2014
"1260","Site18",2014-05-21,2014
"1261","Site18",2014-05-23,2014
"1262","Site18",2014-06-08,2014
"1263","Site18",2014-06-18,2014
"1264","Site19",2014-05-22,2014
"1265","Site19",2014-06-08,2014
"1266","Site19",2014-06-09,2014
"1267","Site19",2014-06-11,2014
"1268","Site19",2014-06-03,2014
"1269","Site19",2014-06-17,2014
"1270","Site19",2014-07-02,2014
"1271","Site20",2014-06-08,2014
"1272","Site20",2014-06-09,2014
"1273","Site20",2014-06-03,2014
"1274","Site20",2014-06-12,2014
"1275","Site20",2014-06-12,2014
"1276","Site20",2014-06-29,2014
"1277","Site20",2014-07-05,2014
"1278","Site20",2014-07-01,2014
"1279","Site20",2014-07-01,2014
"1280","Site20",2014-07-01,2014
"1281","Site20",2014-07-02,2014
"1282","Site20",2014-07-02,2014
"1283","Site20",2014-07-02,2014
"1284","Site20",2014-07-03,2014
"1285","Site21",2014-05-22,2014
"1286","Site21",2014-05-24,2014
"1287","Site21",2014-06-08,2014
"1288","Site22",2014-05-22,2014
"1289","Site22",2014-05-24,2014
"1290","Site22",2014-06-08,2014
"1291","Site22",2014-06-14,2014
"1292","Site23",2014-05-22,2014
"1293","Site23",2014-05-24,2014
"1294","Site23",2014-06-08,2014
"1295","Site23",2014-06-04,2014
"1296","Site23",2014-06-14,2014
"1297","Site23",2014-07-02,2014
"1298","Site23",2014-08-08,2014
"1299","Site26",2014-06-09,2014
"1300","Site27",2014-05-21,2014
"1301","Site27",2014-05-22,2014
"1302","Site27",2014-06-08,2014
"1303","Site28",2014-05-17,2014
"1304","Site28",2014-05-21,2014
"1305","Site28",2014-05-22,2014
"1306","Site28",2014-05-24,2014
"1307","Site28",2014-06-09,2014
"1308","Site28",2014-06-03,2014
"1309","Site28",2014-06-14,2014
"1310","Site28",2014-07-01,2014
"1311","Site28",2014-07-02,2014
"1312","Site28",2014-07-05,2014
"1313","Site28",2014-07-02,2014
"1314","Site28",2014-07-03,2014
"1315","Site28",2014-08-01,2014
"1316","Site28",2014-08-05,2014
"1317","Site28",2014-08-03,2014
"1318","Site29",2014-05-21,2014
"1319","Site29",2014-05-22,2014
"1320","Site29",2014-06-09,2014
"1321","Site30",2014-05-18,2014
"1322","Site30",2014-05-21,2014
"1323","Site30",2014-05-22,2014
"1324","Site30",2014-06-05,2014
"1325","Site30",2014-06-12,2014
"1326","Site30",2014-07-04,2014
"1327","Site30",2014-07-02,2014
"1328","Site31",2014-05-21,2014
"1329","Site31",2014-05-28,2014
"1330","Site31",2014-06-06,2014
"1331","Site31",2014-06-16,2014
"1332","Site31",2014-06-04,2014
"1333","Site31",2014-06-26,2014
"1334","Site31",2014-07-09,2014
"1335","Site31",2014-07-02,2014
"1336","Site31",2014-07-02,2014
"1337","Site32",2014-06-06,2014
"1338","Site33",2014-05-19,2014
"1339","Site33",2014-05-21,2014
"1340","Site33",2014-06-06,2014
"1341","Site33",2014-06-08,2014
"1342","Site33",2014-06-03,2014
"1343","Site33",2014-06-16,2014
"1344","Site33",2014-06-01,2014
"1345","Site33",2014-06-26,2014
"1346","Site33",2014-07-09,2014
"1347","Site33",2014-07-01,2014
"1348","Site33",2014-07-01,2014
"1349","Site33",2014-07-02,2014
"1350","Site33",2014-07-04,2014
"1351","Site33",2014-07-03,2014
"1352","Site34",2014-06-06,2014
"1353","Site35",2014-05-19,2014
"1354","Site35",2014-05-20,2014
"1355","Site35",2014-05-23,2014
"1356","Site35",2014-06-08,2014
"1357","Site35",2014-06-09,2014
"1358","Site35",2014-06-09,2014
"1359","Site35",2014-06-09,2014
"1360","Site35",2014-06-11,2014
"1361","Site35",2014-06-12,2014
"1362","Site35",2014-06-11,2014
"1363","Site35",2014-06-08,2014
"1364","Site35",2014-06-11,2014
"1365","Site35",2014-06-22,2014
"1366","Site35",2014-07-02,2014
"1367","Site35",2014-07-01,2014
"1368","Site35",2014-07-01,2014
"1369","Site35",2014-07-01,2014
"1370","Site35",2014-07-02,2014
"1371","Site35",2014-07-13,2014
"1372","Site35",2014-07-02,2014
"1373","Site37",2014-05-29,2014
"1374","Site38",2014-05-21,2014
"1375","Site38",2014-05-27,2014
"1376","Site38",2014-05-28,2014
"1377","Site38",2014-06-12,2014
"1378","Site39",2014-05-19,2014
"1379","Site39",2014-05-20,2014
"1380","Site39",2014-05-23,2014
"1381","Site39",2014-06-02,2014
"1382","Site39",2014-06-09,2014
"1383","Site39",2014-06-04,2014
"1384","Site39",2014-06-15,2014
"1385","Site39",2014-06-18,2014
"1386","Site39",2014-07-01,2014
"1387","Site39",2014-07-01,2014
"1388","Site39",2014-07-02,2014
"1389","Site40",2014-05-19,2014
"1390","Site40",2014-05-23,2014
"1391","Site40",2014-06-02,2014
"1392","Site40",2014-06-09,2014
"1393","Site44",2014-05-19,2014
"1394","Site44",2014-05-23,2014
"1395","Site44",2014-06-02,2014
"1396","Site44",2014-06-09,2014
"1397","Site44",2014-06-04,2014
"1398","Site44",2014-06-10,2014
"1399","Site44",2014-06-10,2014
"1400","Site44",2014-06-03,2014
"1401","Site44",2014-06-13,2014
"1402","Site44",2014-06-15,2014
"1403","Site44",2014-06-18,2014
"1404","Site44",2014-07-01,2014
"1405","Site44",2014-07-01,2014
"1406","Site44",2014-07-01,2014
"1407","Site44",2014-07-05,2014
"1408","Site44",2014-07-02,2014
"1409","Site44",2014-07-04,2014
"1410","Site44",2014-07-02,2014
"1411","Site44",2014-08-04,2014
"1412","Site45",2014-05-19,2014
"1413","Site45",2014-05-20,2014
"1414","Site45",2014-05-23,2014
"1415","Site45",2014-06-02,2014
"1416","Site45",2014-06-09,2014
"1417","Site46",2014-05-29,2014
"1418","Site46",2014-08-04,2014
"1419","Site47",2014-05-27,2014
"1420","Site47",2014-06-05,2014
"1421","Site47",2014-06-07,2014
"1422","Site47",2014-06-08,2014
"1423","Site47",2014-06-09,2014
"1424","Site47",2014-06-11,2014
"1425","Site47",2014-06-16,2014
"1426","Site47",2014-06-26,2014
"1427","Site47",2014-06-29,2014
"1428","Site47",2014-07-01,2014
"1429","Site47",2014-07-02,2014
"1430","Site47",2014-07-03,2014
"1431","Site49",2014-07-02,2014
"1432","Site50",2014-05-18,2014
"1433","Site50",2014-05-21,2014
"1434","Site50",2014-05-28,2014
"1435","Site50",2014-06-11,2014
"1436","Site50",2014-06-16,2014
"1437","Site50",2014-06-26,2014
"1438","Site50",2014-07-09,2014
"1439","Site50",2014-07-01,2014
"1440","Site50",2014-07-01,2014
"1441","Site50",2014-07-02,2014
"1442","Site50",2014-07-03,2014
"1443","Site51",2014-05-21,2014
"1444","Site51",2014-05-28,2014
"1445","Site51",2014-06-01,2014
"1446","Site51",2014-06-08,2014
"1447","Site51",2014-06-12,2014
"1448","Site51",2014-06-13,2014
"1449","Site51",2014-06-03,2014
"1450","Site51",2014-06-23,2014
"1451","Site51",2014-07-01,2014
"1452","Site51",2014-07-01,2014
"1453","Site51",2014-07-01,2014
"1454","Site51",2014-07-01,2014
"1455","Site51",2014-07-02,2014
"1456","Site51",2014-07-08,2014
"1457","Site51",2014-07-02,2014
"1458","Site51",2014-07-03,2014
"1459","Site51",2014-08-05,2014
"1460","Site52",2014-05-18,2014
"1461","Site52",2014-05-19,2014
"1462","Site52",2014-05-21,2014
"1463","Site52",2014-05-27,2014
"1464","Site52",2014-05-28,2014
"1465","Site52",2014-06-12,2014
"1466","Site53",2014-05-19,2014
"1467","Site53",2014-05-27,2014
"1468","Site53",2014-05-28,2014
"1469","Site53",2014-06-05,2014
"1470","Site53",2014-06-12,2014
"1471","Site53",2014-07-02,2014
"1472","Site53",2014-07-08,2014
"1473","Site53",2014-07-02,2014
"1474","Site54",2014-05-19,2014
"1475","Site54",2014-05-21,2014
"1476","Site54",2014-05-27,2014
"1477","Site54",2014-06-05,2014
"1478","Site54",2014-07-02,2014
"1479","Site55",2014-05-27,2014
"1480","Site57",2014-05-19,2014
"1481","Site57",2014-05-28,2014
"1482","Site57",2014-06-06,2014
"1483","Site58",2014-05-21,2014
"1484","Site58",2014-06-09,2014
"1485","Site58",2014-06-23,2014
"1486","Site59",2014-05-30,2014
"1487","Site59",2014-05-30,2014
"1488","Site59",2014-06-13,2014
"1489","Site59",2014-06-06,2014
"1490","Site59",2014-06-21,2014
"1491","Site59",2014-06-28,2014
"1492","Site59",2014-07-09,2014
"1493","Site59",2014-07-01,2014
"1494","Site59",2014-07-01,2014
"1495","Site59",2014-07-01,2014
"1496","Site59",2014-07-02,2014
"1497","Site59",2014-07-02,2014
"1498","Site59",2014-08-04,2014
"1499","Site61",2014-05-26,2014
"1500","Site61",2014-06-11,2014
"1501","Site61",2014-06-20,2014
"1502","Site63",2014-05-17,2014
"1503","Site63",2014-06-05,2014
"1504","Site63",2014-06-05,2014
"1505","Site63",2014-06-10,2014
"1506","Site63",2014-06-07,2014
"1507","Site63",2014-06-22,2014
"1508","Site63",2014-06-17,2014
"1509","Site63",2014-07-02,2014
"1510","Site63",2014-07-01,2014
"1511","Site63",2014-07-01,2014
"1512","Site63",2014-07-02,2014
"1513","Site65",2014-05-21,2014
"1514","Site65",2014-05-22,2014
"1515","Site65",2014-06-08,2014
"1516","Site65",2014-06-14,2014
"1517","Site65",2014-06-10,2014
"1518","Site65",2014-07-02,2014
"1519","Site66",2014-05-21,2014
"1520","Site66",2014-06-19,2014
"1521","Site67",2014-05-18,2014
"1522","Site67",2014-05-26,2014
"1523","Site67",2014-06-10,2014
"1524","Site67",2014-06-20,2014
"1525","Site67",2014-06-30,2014
"1526","Site67",2014-07-01,2014
"1527","Site67",2014-07-01,2014
"1528","Site67",2014-07-02,2014
"1529","Site67",2014-07-02,2014
"1530","Site67",2014-07-03,2014
"1531","Site69",2014-05-19,2014
"1532","Site69",2014-05-21,2014
"1533","Site69",2014-07-02,2014
"1534","Site69",2014-07-02,2014
"1535","Site69",2014-07-05,2014
"1536","Site69",2014-07-02,2014
"1537","Site71",2014-05-21,2014
"1538","Site71",2014-05-30,2014
"1539","Site71",2014-06-19,2014
"1540","Site72",2014-05-24,2014
"1541","Site72",2014-06-09,2014
"1542","Site72",2014-06-14,2014
"1543","Site72",2014-06-23,2014
"1544","Site72",2014-07-04,2014
"1545","Site72",2014-07-01,2014
"1546","Site72",2014-07-02,2014
"1547","Site72",2014-07-05,2014
"1548","Site72",2014-07-03,2014
"1549","Site74",2014-05-27,2014
"1550","Site74",2014-07-02,2014
"1551","Site75",2014-05-19,2014
"1552","Site75",2014-05-20,2014
"1553","Site75",2014-05-05,2014
"1554","Site75",2014-05-23,2014
"1555","Site75",2014-06-08,2014
"1556","Site75",2014-06-12,2014
"1557","Site75",2014-06-22,2014
"1558","Site75",2014-07-02,2014
"1559","Site75",2014-07-01,2014
"1560","Site75",2014-07-01,2014
"1561","Site75",2014-07-01,2014
"1562","Site76",2014-06-09,2014
"1563","Site76",2014-06-15,2014
"1564","Site76",2014-07-01,2014
"1565","Site76",2014-07-01,2014
"1566","Site76",2014-07-04,2014
"1567","Site76",2014-07-02,2014
"1568","Site76",2014-07-02,2014
"1569","Site77",2014-05-19,2014
"1570","Site77",2014-05-20,2014
"1571","Site77",2014-05-23,2014
"1572","Site77",2014-06-08,2014
"1573","Site77",2014-06-12,2014
"1574","Site77",2014-06-12,2014
"1575","Site77",2014-06-22,2014
"1576","Site77",2014-07-02,2014
"1577","Site77",2014-07-01,2014
"1578","Site77",2014-07-01,2014
"1579","Site77",2014-07-01,2014
"1580","Site77",2014-07-02,2014
"1581","Site77",2014-07-03,2014
"1582","Site77",2014-07-05,2014
"1583","Site77",2014-07-02,2014
"1584","Site77",2014-08-05,2014
"1585","Site78",2014-05-27,2014
"1586","Site78",2014-06-11,2014
"1587","Site78",2014-06-16,2014
"1588","Site78",2014-06-26,2014
"1589","Site78",2014-07-01,2014
"1590","Site78",2014-07-01,2014
"1591","Site78",2014-07-02,2014
"1592","Site78",2014-07-08,2014
"1593","Site78",2014-07-03,2014
"1594","Site78",2014-08-03,2014
"1595","Site79",2014-05-17,2014
"1596","Site79",2014-05-30,2014
"1597","Site79",2014-06-10,2014
"1598","Site79",2014-06-04,2014
"1599","Site79",2014-06-13,2014
"1600","Site79",2014-06-21,2014
"1601","Site79",2014-06-30,2014
"1602","Site79",2014-06-09,2014
"1603","Site79",2014-07-01,2014
"1604","Site79",2014-07-01,2014
"1605","Site79",2014-07-02,2014
"1606","Site79",2014-07-02,2014
"1607","Site79",2014-07-02,2014
"1608","Site79",2014-07-03,2014
"1609","Site80",2014-05-22,2014
"1610","Site80",2014-05-24,2014
"1611","Site80",2014-06-08,2014
"1612","Site80",2014-06-04,2014
"1613","Site80",2014-06-14,2014
"1614","Site80",2014-07-02,2014
"1615","Site81",2014-05-17,2014
"1616","Site81",2014-05-23,2014
"1617","Site81",2014-05-24,2014
"1618","Site81",2014-05-26,2014
"1619","Site81",2014-05-28,2014
"1620","Site81",2014-06-03,2014
"1621","Site83",2014-05-22,2014
"1622","Site83",2014-06-09,2014
"1623","Site84",2014-05-29,2014
"1624","Site85",2014-05-29,2014
"1625","Site85",2014-06-05,2014
"1626","Site85",2014-06-12,2014
"1627","Site85",2014-06-22,2014
"1628","Site85",2014-07-02,2014
"1629","Site85",2014-07-01,2014
"1630","Site85",2014-07-01,2014
"1631","Site85",2014-07-02,2014
"1632","Site85",2014-07-05,2014
"1633","Site85",2014-07-02,2014
"1634","Site85",2014-08-02,2014
"1635","Site86",2014-05-30,2014
"1636","Site87",2014-05-30,2014
"1637","Site87",2014-06-19,2014
"1638","Site87",2014-06-19,2014
"1639","Site88",2014-05-17,2014
"1640","Site88",2014-05-30,2014
"1641","Site88",2014-06-01,2014
"1642","Site88",2014-06-05,2014
"1643","Site88",2014-06-11,2014
"1644","Site88",2014-06-20,2014
"1645","Site88",2014-06-30,2014
"1646","Site88",2014-07-01,2014
"1647","Site88",2014-07-01,2014
"1648","Site88",2014-07-02,2014
"1649","Site88",2014-07-02,2014
"1650","Site88",2014-07-03,2014
"1651","Site89",2014-05-17,2014
"1652","Site89",2014-06-01,2014
"1653","Site89",2014-06-10,2014
"1654","Site89",2014-06-20,2014
"1655","Site89",2014-06-30,2014
"1656","Site89",2014-07-01,2014
"1657","Site91",2014-05-29,2014
"1658","Site92",2014-05-29,2014
"1659","Site93",2014-05-29,2014
"1660","Site95",2014-05-29,2014
"1661","Site95",2014-06-10,2014
"1662","Site95",2014-06-20,2014
"1663","Site95",2014-06-10,2014
"1664","Site95",2014-06-30,2014
"1665","Site95",2014-07-01,2014
"1666","Site95",2014-07-09,2014
"1667","Site97",2014-05-22,2014
"1668","Site97",2014-05-24,2014
"1669","Site97",2014-05-27,2014
"1670","Site97",2014-06-05,2014
"1671","Site97",2014-06-12,2014
"1672","Site97",2014-06-04,2014
"1673","Site97",2014-06-23,2014
"1674","Site97",2014-07-01,2014
"1675","Site97",2014-07-02,2014
"1676","Site97",2014-07-02,2014
"1677","Site97",2014-07-03,2014
"1678","Site97",2014-08-02,2014
"1679","Site98",2014-05-29,2014
"1680","Site98",2014-06-10,2014
"1681","Site100",2014-06-13,2014
"1682","Site100",2014-06-21,2014
"1683","Site100",2014-07-01,2014
"1684","Site100",2014-07-09,2014
"1685","Site100",2014-07-01,2014
"1686","Site100",2014-07-01,2014
"1687","Site100",2014-07-02,2014
"1688","Site100",2014-07-02,2014
"1689","Site100",2014-07-04,2014
"1690","Site100",2014-07-02,2014
"1691","Site100",2014-08-04,2014
"1692","Site101",2014-05-19,2014
"1693","Site101",2014-05-23,2014
"1694","Site101",2014-06-02,2014
"1695","Site102",2014-05-19,2014
"1696","Site102",2014-05-20,2014
"1697","Site102",2014-05-23,2014
"1698","Site102",2014-06-02,2014
"1699","Site102",2014-06-09,2014
"1700","Site103",2014-05-29,2014
"1701","Site104",2014-06-23,2014
"1702","Site104",2014-07-01,2014
"1703","Site105",2014-05-28,2014
"1704","Site105",2014-06-08,2014
"1705","Site105",2014-06-23,2014
"1706","Site106",2014-05-30,2014
"1707","Site106",2014-06-13,2014
"1708","Site106",2014-06-21,2014
"1709","Site108",2014-06-11,2014
"1710","Site108",2014-07-09,2014
"1711","Site110",2014-05-26,2014
"1712","Site110",2014-08-07,2014
"1713","Site111",2014-05-19,2014
"1714","Site111",2014-05-01,2014
"1715","Site111",2014-06-12,2014
"1716","Site112",2014-06-10,2014
"1717","Site112",2014-08-04,2014
"1718","Site113",2014-06-11,2014
"1719","Site113",2014-06-20,2014
"1720","Site114",2014-05-29,2014
"1721","Site114",2014-06-05,2014
"1722","Site114",2014-06-10,2014
"1723","Site114",2014-06-20,2014
"1724","Site115",2014-05-29,2014
"1725","Site 117",2014-05-29,2014
"1726","Site 118",2014-06-16,2014
"1727","Site 119",2014-06-16,2014
"1728","Site 119",2014-06-26,2014
"1729","Site 119",2014-07-09,2014
"1730","Site 119",2014-07-01,2014
"1731","Site 119",2014-07-02,2014
"1732","Site 119",2014-07-11,2014
"1733","Site 119",2014-07-02,2014
"1734","Site 119",2014-08-01,2014
"1735","Site 119",2014-08-05,2014
"1736","Site 120",2014-06-16,2014
"1737","Site 121",2014-06-20,2014
"1738","Site 122",2014-06-12,2014
"1739","Site 122",2014-06-22,2014
"1740","Site 123",2014-05-28,2014
"1741","Site 124",2014-07-01,2014
"1742","Site 125",2014-07-02,2014
"1743","Site 125",2014-07-02,2014
"1744","Site 126",2014-07-02,2014
"1745","Site 127",2014-07-01,2014
"1746","Cabin",2014-05-30,2014
"1747","Site1",2014-05-17,2014
"1748","Site1",2014-05-30,2014
"1749","Site2",2014-05-21,2014
"1750","Site2",2014-05-27,2014
"1751","Site2",2014-05-28,2014
"1752","Site2",2014-06-05,2014
"1753","Site2",2014-06-12,2014
"1754","Site3",2014-05-19,2014
"1755","Site3",2014-05-20,2014
"1756","Site3",2014-06-02,2014
"1757","Site3",2014-06-09,2014
"1758","Site3",2014-06-11,2014
"1759","Site3",2014-06-12,2014
"1760","Site3",2014-06-12,2014
"1761","Site3",2014-06-13,2014
"1762","Site3",2014-06-12,2014
"1763","Site3",2014-06-02,2014
"1764","Site3",2014-06-15,2014
"1765","Site3",2014-06-15,2014
"1766","Site3",2014-06-01,2014
"1767","Site3",2014-06-18,2014
"1768","Site3",2014-07-01,2014
"1769","Site3",2014-07-02,2014
"1770","Site3",2014-07-01,2014
"1771","Site3",2014-07-02,2014
"1772","Site4",2014-05-21,2014
"1773","Site4",2014-05-28,2014
"1774","Site4",2014-06-08,2014
"1775","Site4",2014-06-13,2014
"1776","Site5",2014-05-21,2014
"1777","Site5",2014-05-30,2014
"1778","Site5",2014-06-08,2014
"1779","Site5",2014-06-10,2014
"1780","Site5",2014-06-13,2014
"1781","Site5",2014-06-10,2014
"1782","Site5",2014-06-21,2014
"1783","Site5",2014-06-21,2014
"1784","Site5",2014-06-21,2014
"1785","Site5",2014-06-23,2014
"1786","Site5",2014-06-28,2014
"1787","Site5",2014-07-09,2014
"1788","Site6",2014-05-28,2014
"1789","Site6",2014-06-13,2014
"1790","Site7",2014-05-22,2014
"1791","Site7",2014-05-24,2014
"1792","Site7",2014-05-27,2014
"1793","Site7",2014-06-05,2014
"1794","Site7",2014-06-12,2014
"1795","Site7",2014-06-05,2014
"1796","Site7",2014-06-23,2014
"1797","Site7",2014-07-07,2014
"1798","Site7",2014-07-01,2014
"1799","Site7",2014-07-02,2014
"1800","Site7",2014-08-02,2014
"1801","Site8",2014-05-18,2014
"1802","Site8",2014-05-19,2014
"1803","Site8",2014-05-21,2014
"1804","Site8",2014-05-28,2014
"1805","Site8",2014-06-08,2014
"1806","Site8",2014-06-05,2014
"1807","Site8",2014-06-06,2014
"1808","Site8",2014-06-08,2014
"1809","Site8",2014-06-10,2014
"1810","Site8",2014-06-10,2014
"1811","Site8",2014-06-11,2014
"1812","Site8",2014-06-15,2014
"1813","Site8",2014-06-15,2014
"1814","Site8",2014-07-02,2014
"1815","Site8",2014-07-02,2014
"1816","Site9",2014-06-16,2014
"1817","Site10",2014-05-18,2014
"1818","Site10",2014-05-19,2014
"1819","Site10",2014-05-26,2014
"1820","Site11",2014-05-18,2014
"1821","Site11",2014-05-21,2014
"1822","Site11",2014-05-28,2014
"1823","Site11",2014-06-01,2014
"1824","Site11",2014-06-23,2014
"1825","Site12",2014-05-19,2014
"1826","Site12",2014-05-20,2014
"1827","Site12",2014-06-09,2014
"1828","Site12",2014-06-04,2014
"1829","Site12",2014-06-18,2014
"1830","Site12",2014-07-01,2014
"1831","Site12",2014-07-05,2014
"1832","Site12",2014-07-01,2014
"1833","Site12",2014-07-01,2014
"1834","Site12",2014-07-01,2014
"1835","Site12",2014-07-08,2014
"1836","Site12",2014-07-02,2014
"1837","Site12",2014-07-02,2014
"1838","Site13",2014-06-09,2014
"1839","Site13",2014-07-04,2014
"1840","Site13",2014-07-02,2014
"1841","Site15",2014-05-18,2014
"1842","Site15",2014-05-21,2014
"1843","Site16",2014-05-22,2014
"1844","Site16",2014-06-08,2014
"1845","Site16",2014-06-17,2014
"1846","Site16",2014-07-02,2014
"1847","Site17",2014-05-22,2014
"1848","Site17",2014-06-08,2014
"1849","Site18",2014-05-17,2014
"1850","Site18",2014-05-21,2014
"1851","Site18",2014-05-23,2014
"1852","Site18",2014-06-08,2014
"1853","Site18",2014-06-18,2014
"1854","Site19",2014-05-22,2014
"1855","Site19",2014-06-08,2014
"1856","Site19",2014-06-09,2014
"1857","Site19",2014-06-11,2014
"1858","Site19",2014-06-03,2014
"1859","Site19",2014-06-17,2014
"1860","Site19",2014-07-02,2014
"1861","Site20",2014-06-08,2014
"1862","Site20",2014-06-09,2014
"1863","Site20",2014-06-03,2014
"1864","Site20",2014-06-12,2014
"1865","Site20",2014-06-12,2014
"1866","Site20",2014-06-29,2014
"1867","Site20",2014-07-05,2014
"1868","Site20",2014-07-01,2014
"1869","Site20",2014-07-01,2014
"1870","Site20",2014-07-01,2014
"1871","Site20",2014-07-02,2014
"1872","Site20",2014-07-02,2014
"1873","Site20",2014-07-02,2014
"1874","Site20",2014-07-03,2014
"1875","Site21",2014-05-22,2014
"1876","Site21",2014-05-24,2014
"1877","Site21",2014-06-08,2014
"1878","Site22",2014-05-22,2014
"1879","Site22",2014-05-24,2014
"1880","Site22",2014-06-08,2014
"1881","Site22",2014-06-14,2014
"1882","Site23",2014-05-22,2014
"1883","Site23",2014-05-24,2014
"1884","Site23",2014-06-08,2014
"1885","Site23",2014-06-04,2014
"1886","Site23",2014-06-14,2014
"1887","Site23",2014-07-02,2014
"1888","Site23",2014-08-08,2014
"1889","Site26",2014-06-09,2014
"1890","Site27",2014-05-21,2014
"1891","Site27",2014-05-22,2014
"1892","Site27",2014-06-08,2014
"1893","Site28",2014-05-17,2014
"1894","Site28",2014-05-21,2014
"1895","Site28",2014-05-22,2014
"1896","Site28",2014-05-24,2014
"1897","Site28",2014-06-09,2014
"1898","Site28",2014-06-03,2014
"1899","Site28",2014-06-14,2014
"1900","Site28",2014-07-01,2014
"1901","Site28",2014-07-02,2014
"1902","Site28",2014-07-05,2014
"1903","Site28",2014-07-02,2014
"1904","Site28",2014-07-03,2014
"1905","Site28",2014-08-01,2014
"1906","Site28",2014-08-05,2014
"1907","Site28",2014-08-03,2014
"1908","Site29",2014-05-21,2014
"1909","Site29",2014-05-22,2014
"1910","Site29",2014-06-09,2014
"1911","Site30",2014-05-18,2014
"1912","Site30",2014-05-21,2014
"1913","Site30",2014-05-22,2014
"1914","Site30",2014-06-05,2014
"1915","Site30",2014-06-12,2014
"1916","Site30",2014-07-04,2014
"1917","Site30",2014-07-02,2014
"1918","Site31",2014-05-21,2014
"1919","Site31",2014-05-28,2014
"1920","Site31",2014-06-06,2014
"1921","Site31",2014-06-16,2014
"1922","Site31",2014-06-04,2014
"1923","Site31",2014-06-26,2014
"1924","Site31",2014-07-09,2014
"1925","Site31",2014-07-02,2014
"1926","Site31",2014-07-02,2014
"1927","Site32",2014-06-06,2014
"1928","Site33",2014-05-19,2014
"1929","Site33",2014-05-21,2014
"1930","Site33",2014-06-06,2014
"1931","Site33",2014-06-08,2014
"1932","Site33",2014-06-03,2014
"1933","Site33",2014-06-16,2014
"1934","Site33",2014-06-01,2014
"1935","Site33",2014-06-26,2014
"1936","Site33",2014-07-09,2014
"1937","Site33",2014-07-01,2014
"1938","Site33",2014-07-01,2014
"1939","Site33",2014-07-02,2014
"1940","Site33",2014-07-04,2014
"1941","Site33",2014-07-03,2014
"1942","Site34",2014-06-06,2014
"1943","Site35",2014-05-19,2014
"1944","Site35",2014-05-20,2014
"1945","Site35",2014-05-23,2014
"1946","Site35",2014-06-08,2014
"1947","Site35",2014-06-09,2014
"1948","Site35",2014-06-09,2014
"1949","Site35",2014-06-09,2014
"1950","Site35",2014-06-11,2014
"1951","Site35",2014-06-12,2014
"1952","Site35",2014-06-11,2014
"1953","Site35",2014-06-08,2014
"1954","Site35",2014-06-11,2014
"1955","Site35",2014-06-22,2014
"1956","Site35",2014-07-02,2014
"1957","Site35",2014-07-01,2014
"1958","Site35",2014-07-01,2014
"1959","Site35",2014-07-01,2014
"1960","Site35",2014-07-02,2014
"1961","Site35",2014-07-13,2014
"1962","Site35",2014-07-02,2014
"1963","Site37",2014-05-29,2014
"1964","Site38",2014-05-21,2014
"1965","Site38",2014-05-27,2014
"1966","Site38",2014-05-28,2014
"1967","Site38",2014-06-12,2014
"1968","Site39",2014-05-19,2014
"1969","Site39",2014-05-20,2014
"1970","Site39",2014-05-23,2014
"1971","Site39",2014-06-02,2014
"1972","Site39",2014-06-09,2014
"1973","Site39",2014-06-04,2014
"1974","Site39",2014-06-15,2014
"1975","Site39",2014-06-18,2014
"1976","Site39",2014-07-01,2014
"1977","Site39",2014-07-01,2014
"1978","Site39",2014-07-02,2014
"1979","Site40",2014-05-19,2014
"1980","Site40",2014-05-23,2014
"1981","Site40",2014-06-02,2014
"1982","Site40",2014-06-09,2014
"1983","Site44",2014-05-19,2014
"1984","Site44",2014-05-23,2014
"1985","Site44",2014-06-02,2014
"1986","Site44",2014-06-09,2014
"1987","Site44",2014-06-04,2014
"1988","Site44",2014-06-10,2014
"1989","Site44",2014-06-10,2014
"1990","Site44",2014-06-03,2014
"1991","Site44",2014-06-13,2014
"1992","Site44",2014-06-15,2014
"1993","Site44",2014-06-18,2014
"1994","Site44",2014-07-01,2014
"1995","Site44",2014-07-01,2014
"1996","Site44",2014-07-01,2014
"1997","Site44",2014-07-05,2014
"1998","Site44",2014-07-02,2014
"1999","Site44",2014-07-04,2014
"2000","Site44",2014-07-02,2014
"2001","Site44",2014-08-04,2014
"2002","Site45",2014-05-19,2014
"2003","Site45",2014-05-20,2014
"2004","Site45",2014-05-23,2014
"2005","Site45",2014-06-02,2014
"2006","Site45",2014-06-09,2014
"2007","Site46",2014-05-29,2014
"2008","Site46",2014-08-04,2014
"2009","Site47",2014-05-27,2014
"2010","Site47",2014-06-05,2014
"2011","Site47",2014-06-07,2014
"2012","Site47",2014-06-08,2014
"2013","Site47",2014-06-09,2014
"2014","Site47",2014-06-11,2014
"2015","Site47",2014-06-16,2014
"2016","Site47",2014-06-26,2014
"2017","Site47",2014-06-29,2014
"2018","Site47",2014-07-01,2014
"2019","Site47",2014-07-02,2014
"2020","Site47",2014-07-03,2014
"2021","Site49",2014-07-02,2014
"2022","Site50",2014-05-18,2014
"2023","Site50",2014-05-21,2014
"2024","Site50",2014-05-28,2014
"2025","Site50",2014-06-11,2014
"2026","Site50",2014-06-16,2014
"2027","Site50",2014-06-26,2014
"2028","Site50",2014-07-09,2014
"2029","Site50",2014-07-01,2014
"2030","Site50",2014-07-01,2014
"2031","Site50",2014-07-02,2014
"2032","Site50",2014-07-03,2014
"2033","Site51",2014-05-21,2014
"2034","Site51",2014-05-28,2014
"2035","Site51",2014-06-01,2014
"2036","Site51",2014-06-08,2014
"2037","Site51",2014-06-12,2014
"2038","Site51",2014-06-13,2014
"2039","Site51",2014-06-03,2014
"2040","Site51",2014-06-23,2014
"2041","Site51",2014-07-01,2014
"2042","Site51",2014-07-01,2014
"2043","Site51",2014-07-01,2014
"2044","Site51",2014-07-01,2014
"2045","Site51",2014-07-02,2014
"2046","Site51",2014-07-08,2014
"2047","Site51",2014-07-02,2014
"2048","Site51",2014-07-03,2014
"2049","Site51",2014-08-05,2014
"2050","Site52",2014-05-18,2014
"2051","Site52",2014-05-19,2014
"2052","Site52",2014-05-21,2014
"2053","Site52",2014-05-27,2014
"2054","Site52",2014-05-28,2014
"2055","Site52",2014-06-12,2014
"2056","Site53",2014-05-19,2014
"2057","Site53",2014-05-27,2014
"2058","Site53",2014-05-28,2014
"2059","Site53",2014-06-05,2014
"2060","Site53",2014-06-12,2014
"2061","Site53",2014-07-02,2014
"2062","Site53",2014-07-08,2014
"2063","Site53",2014-07-02,2014
"2064","Site54",2014-05-19,2014
"2065","Site54",2014-05-21,2014
"2066","Site54",2014-05-27,2014
"2067","Site54",2014-06-05,2014
"2068","Site54",2014-07-02,2014
"2069","Site55",2014-05-27,2014
"2070","Site57",2014-05-19,2014
"2071","Site57",2014-05-28,2014
"2072","Site57",2014-06-06,2014
"2073","Site58",2014-05-21,2014
"2074","Site58",2014-06-09,2014
"2075","Site58",2014-06-23,2014
"2076","Site59",2014-05-30,2014
"2077","Site59",2014-05-30,2014
"2078","Site59",2014-06-13,2014
"2079","Site59",2014-06-06,2014
"2080","Site59",2014-06-21,2014
"2081","Site59",2014-06-28,2014
"2082","Site59",2014-07-09,2014
"2083","Site59",2014-07-01,2014
"2084","Site59",2014-07-01,2014
"2085","Site59",2014-07-01,2014
"2086","Site59",2014-07-02,2014
"2087","Site59",2014-07-02,2014
"2088","Site59",2014-08-04,2014
"2089","Site61",2014-05-26,2014
"2090","Site61",2014-06-11,2014
"2091","Site61",2014-06-20,2014
"2092","Site63",2014-05-17,2014
"2093","Site63",2014-06-05,2014
"2094","Site63",2014-06-05,2014
"2095","Site63",2014-06-10,2014
"2096","Site63",2014-06-07,2014
"2097","Site63",2014-06-22,2014
"2098","Site63",2014-06-17,2014
"2099","Site63",2014-07-02,2014
"2100","Site63",2014-07-01,2014
"2101","Site63",2014-07-01,2014
"2102","Site63",2014-07-02,2014
"2103","Site65",2014-05-21,2014
"2104","Site65",2014-05-22,2014
"2105","Site65",2014-06-08,2014
"2106","Site65",2014-06-14,2014
"2107","Site65",2014-06-10,2014
"2108","Site65",2014-07-02,2014
"2109","Site66",2014-05-21,2014
"2110","Site66",2014-06-19,2014
"2111","Site67",2014-05-18,2014
"2112","Site67",2014-05-26,2014
"2113","Site67",2014-06-10,2014
"2114","Site67",2014-06-20,2014
"2115","Site67",2014-06-30,2014
"2116","Site67",2014-07-01,2014
"2117","Site67",2014-07-01,2014
"2118","Site67",2014-07-02,2014
"2119","Site67",2014-07-02,2014
"2120","Site67",2014-07-03,2014
"2121","Site69",2014-05-19,2014
"2122","Site69",2014-05-21,2014
"2123","Site69",2014-07-02,2014
"2124","Site69",2014-07-02,2014
"2125","Site69",2014-07-05,2014
"2126","Site69",2014-07-02,2014
"2127","Site71",2014-05-21,2014
"2128","Site71",2014-05-30,2014
"2129","Site71",2014-06-19,2014
"2130","Site72",2014-05-24,2014
"2131","Site72",2014-06-09,2014
"2132","Site72",2014-06-14,2014
"2133","Site72",2014-06-23,2014
"2134","Site72",2014-07-04,2014
"2135","Site72",2014-07-01,2014
"2136","Site72",2014-07-02,2014
"2137","Site72",2014-07-05,2014
"2138","Site72",2014-07-03,2014
"2139","Site74",2014-05-27,2014
"2140","Site74",2014-07-02,2014
"2141","Site75",2014-05-19,2014
"2142","Site75",2014-05-20,2014
"2143","Site75",2014-05-05,2014
"2144","Site75",2014-05-23,2014
"2145","Site75",2014-06-08,2014
"2146","Site75",2014-06-12,2014
"2147","Site75",2014-06-22,2014
"2148","Site75",2014-07-02,2014
"2149","Site75",2014-07-01,2014
"2150","Site75",2014-07-01,2014
"2151","Site75",2014-07-01,2014
"2152","Site76",2014-06-09,2014
"2153","Site76",2014-06-15,2014
"2154","Site76",2014-07-01,2014
"2155","Site76",2014-07-01,2014
"2156","Site76",2014-07-04,2014
"2157","Site76",2014-07-02,2014
"2158","Site76",2014-07-02,2014
"2159","Site77",2014-05-19,2014
"2160","Site77",2014-05-20,2014
"2161","Site77",2014-05-23,2014
"2162","Site77",2014-06-08,2014
"2163","Site77",2014-06-12,2014
"2164","Site77",2014-06-12,2014
"2165","Site77",2014-06-22,2014
"2166","Site77",2014-07-02,2014
"2167","Site77",2014-07-01,2014
"2168","Site77",2014-07-01,2014
"2169","Site77",2014-07-01,2014
"2170","Site77",2014-07-02,2014
"2171","Site77",2014-07-03,2014
"2172","Site77",2014-07-05,2014
"2173","Site77",2014-07-02,2014
"2174","Site77",2014-08-05,2014
"2175","Site78",2014-05-27,2014
"2176","Site78",2014-06-11,2014
"2177","Site78",2014-06-16,2014
"2178","Site78",2014-06-26,2014
"2179","Site78",2014-07-01,2014
"2180","Site78",2014-07-01,2014
"2181","Site78",2014-07-02,2014
"2182","Site78",2014-07-08,2014
"2183","Site78",2014-07-03,2014
"2184","Site78",2014-08-03,2014
"2185","Site79",2014-05-17,2014
"2186","Site79",2014-05-30,2014
"2187","Site79",2014-06-10,2014
"2188","Site79",2014-06-04,2014
"2189","Site79",2014-06-13,2014
"2190","Site79",2014-06-21,2014
"2191","Site79",2014-06-30,2014
"2192","Site79",2014-06-09,2014
"2193","Site79",2014-07-01,2014
"2194","Site79",2014-07-01,2014
"2195","Site79",2014-07-02,2014
"2196","Site79",2014-07-02,2014
"2197","Site79",2014-07-02,2014
"2198","Site79",2014-07-03,2014
"2199","Site80",2014-05-22,2014
"2200","Site80",2014-05-24,2014
"2201","Site80",2014-06-08,2014
"2202","Site80",2014-06-04,2014
"2203","Site80",2014-06-14,2014
"2204","Site80",2014-07-02,2014
"2205","Site81",2014-05-17,2014
"2206","Site81",2014-05-23,2014
"2207","Site81",2014-05-24,2014
"2208","Site81",2014-05-26,2014
"2209","Site81",2014-05-28,2014
"2210","Site81",2014-06-03,2014
"2211","Site83",2014-05-22,2014
"2212","Site83",2014-06-09,2014
"2213","Site84",2014-05-29,2014
"2214","Site85",2014-05-29,2014
"2215","Site85",2014-06-05,2014
"2216","Site85",2014-06-12,2014
"2217","Site85",2014-06-22,2014
"2218","Site85",2014-07-02,2014
"2219","Site85",2014-07-01,2014
"2220","Site85",2014-07-01,2014
"2221","Site85",2014-07-02,2014
"2222","Site85",2014-07-05,2014
"2223","Site85",2014-07-02,2014
"2224","Site85",2014-08-02,2014
"2225","Site86",2014-05-30,2014
"2226","Site87",2014-05-30,2014
"2227","Site87",2014-06-19,2014
"2228","Site87",2014-06-19,2014
"2229","Site88",2014-05-17,2014
"2230","Site88",2014-05-30,2014
"2231","Site88",2014-06-01,2014
"2232","Site88",2014-06-05,2014
"2233","Site88",2014-06-11,2014
"2234","Site88",2014-06-20,2014
"2235","Site88",2014-06-30,2014
"2236","Site88",2014-07-01,2014
"2237","Site88",2014-07-01,2014
"2238","Site88",2014-07-02,2014
"2239","Site88",2014-07-02,2014
"2240","Site88",2014-07-03,2014
"2241","Site89",2014-05-17,2014
"2242","Site89",2014-06-01,2014
"2243","Site89",2014-06-10,2014
"2244","Site89",2014-06-20,2014
"2245","Site89",2014-06-30,2014
"2246","Site89",2014-07-01,2014
"2247","Site91",2014-05-29,2014
"2248","Site92",2014-05-29,2014
"2249","Site93",2014-05-29,2014
"2250","Site95",2014-05-29,2014
"2251","Site95",2014-06-10,2014
"2252","Site95",2014-06-20,2014
"2253","Site95",2014-06-10,2014
"2254","Site95",2014-06-30,2014
"2255","Site95",2014-07-01,2014
"2256","Site95",2014-07-09,2014
"2257","Site97",2014-05-22,2014
"2258","Site97",2014-05-24,2014
"2259","Site97",2014-05-27,2014
"2260","Site97",2014-06-05,2014
"2261","Site97",2014-06-12,2014
"2262","Site97",2014-06-04,2014
"2263","Site97",2014-06-23,2014
"2264","Site97",2014-07-01,2014
"2265","Site97",2014-07-02,2014
"2266","Site97",2014-07-02,2014
"2267","Site97",2014-07-03,2014
"2268","Site97",2014-08-02,2014
"2269","Site98",2014-05-29,2014
"2270","Site98",2014-06-10,2014
"2271","Site100",2014-06-13,2014
"2272","Site100",2014-06-21,2014
"2273","Site100",2014-07-01,2014
"2274","Site100",2014-07-09,2014
"2275","Site100",2014-07-01,2014
"2276","Site100",2014-07-01,2014
"2277","Site100",2014-07-02,2014
"2278","Site100",2014-07-02,2014
"2279","Site100",2014-07-04,2014
"2280","Site100",2014-07-02,2014
"2281","Site100",2014-08-04,2014
"2282","Site101",2014-05-19,2014
"2283","Site101",2014-05-23,2014
"2284","Site101",2014-06-02,2014
"2285","Site102",2014-05-19,2014
"2286","Site102",2014-05-20,2014
"2287","Site102",2014-05-23,2014
"2288","Site102",2014-06-02,2014
"2289","Site102",2014-06-09,2014
"2290","Site103",2014-05-29,2014
"2291","Site104",2014-06-23,2014
"2292","Site104",2014-07-01,2014
"2293","Site105",2014-05-28,2014
"2294","Site105",2014-06-08,2014
"2295","Site105",2014-06-23,2014
"2296","Site106",2014-05-30,2014
"2297","Site106",2014-06-13,2014
"2298","Site106",2014-06-21,2014
"2299","Site108",2014-06-11,2014
"2300","Site108",2014-07-09,2014
"2301","Site110",2014-05-26,2014
"2302","Site110",2014-08-07,2014
"2303","Site111",2014-05-19,2014
"2304","Site111",2014-05-01,2014
"2305","Site111",2014-06-12,2014
"2306","Site112",2014-06-10,2014
"2307","Site112",2014-08-04,2014
"2308","Site113",2014-06-11,2014
"2309","Site113",2014-06-20,2014
"2310","Site114",2014-05-29,2014
"2311","Site114",2014-06-05,2014
"2312","Site114",2014-06-10,2014
"2313","Site114",2014-06-20,2014
"2314","Site115",2014-05-29,2014
"2315","Site 117",2014-05-29,2014
"2316","Site 118",2014-06-16,2014
"2317","Site 119",2014-06-16,2014
"2318","Site 119",2014-06-26,2014
"2319","Site 119",2014-07-09,2014
"2320","Site 119",2014-07-01,2014
"2321","Site 119",2014-07-02,2014
"2322","Site 119",2014-07-11,2014
"2323","Site 119",2014-07-02,2014
"2324","Site 119",2014-08-01,2014
"2325","Site 119",2014-08-05,2014
"2326","Site 120",2014-06-16,2014
"2327","Site 121",2014-06-20,2014
"2328","Site 122",2014-06-12,2014
"2329","Site 122",2014-06-22,2014
"2330","Site 123",2014-05-28,2014
"2331","Site 124",2014-07-01,2014
"2332","Site 125",2014-07-02,2014
"2333","Site 125",2014-07-02,2014
"2334","Site 126",2014-07-02,2014
"2335","Site 127",2014-07-01,2014
"2336","Cabin",2014-05-30,2014
"2337","Site1",2014-05-17,2014
"2338","Site1",2014-05-30,2014
"2339","Site2",2014-05-21,2014
"2340","Site2",2014-05-27,2014
"2341","Site2",2014-05-28,2014
"2342","Site2",2014-06-05,2014
"2343","Site2",2014-06-12,2014
"2344","Site3",2014-05-19,2014
"2345","Site3",2014-05-20,2014
"2346","Site3",2014-06-02,2014
"2347","Site3",2014-06-09,2014
"2348","Site3",2014-06-11,2014
"2349","Site3",2014-06-12,2014
"2350","Site3",2014-06-12,2014
"2351","Site3",2014-06-13,2014
"2352","Site3",2014-06-12,2014
"2353","Site3",2014-06-02,2014
"2354","Site3",2014-06-15,2014
"2355","Site3",2014-06-15,2014
"2356","Site3",2014-06-01,2014
"2357","Site3",2014-06-18,2014
"2358","Site3",2014-07-01,2014
"2359","Site3",2014-07-02,2014
"2360","Site3",2014-07-01,2014
"2361","Site3",2014-07-02,2014
"2362","Site4",2014-05-21,2014
"2363","Site4",2014-05-28,2014
"2364","Site4",2014-06-08,2014
"2365","Site4",2014-06-13,2014
"2366","Site5",2014-05-21,2014
"2367","Site5",2014-05-30,2014
"2368","Site5",2014-06-08,2014
"2369","Site5",2014-06-10,2014
"2370","Site5",2014-06-13,2014
"2371","Site5",2014-06-10,2014
"2372","Site5",2014-06-21,2014
"2373","Site5",2014-06-21,2014
"2374","Site5",2014-06-21,2014
"2375","Site5",2014-06-23,2014
"2376","Site5",2014-06-28,2014
"2377","Site5",2014-07-09,2014
"2378","Site6",2014-05-28,2014
"2379","Site6",2014-06-13,2014
"2380","Site7",2014-05-22,2014
"2381","Site7",2014-05-24,2014
"2382","Site7",2014-05-27,2014
"2383","Site7",2014-06-05,2014
"2384","Site7",2014-06-12,2014
"2385","Site7",2014-06-05,2014
"2386","Site7",2014-06-23,2014
"2387","Site7",2014-07-07,2014
"2388","Site7",2014-07-01,2014
"2389","Site7",2014-07-02,2014
"2390","Site7",2014-08-02,2014
"2391","Site8",2014-05-18,2014
"2392","Site8",2014-05-19,2014
"2393","Site8",2014-05-21,2014
"2394","Site8",2014-05-28,2014
"2395","Site8",2014-06-08,2014
"2396","Site8",2014-06-05,2014
"2397","Site8",2014-06-06,2014
"2398","Site8",2014-06-08,2014
"2399","Site8",2014-06-10,2014
"2400","Site8",2014-06-10,2014
"2401","Site8",2014-06-11,2014
"2402","Site8",2014-06-15,2014
"2403","Site8",2014-06-15,2014
"2404","Site8",2014-07-02,2014
"2405","Site8",2014-07-02,2014
"2406","Site9",2014-06-16,2014
"2407","Site10",2014-05-18,2014
"2408","Site10",2014-05-19,2014
"2409","Site10",2014-05-26,2014
"2410","Site11",2014-05-18,2014
"2411","Site11",2014-05-21,2014
"2412","Site11",2014-05-28,2014
"2413","Site11",2014-06-01,2014
"2414","Site11",2014-06-23,2014
"2415","Site12",2014-05-19,2014
"2416","Site12",2014-05-20,2014
"2417","Site12",2014-06-09,2014
"2418","Site12",2014-06-04,2014
"2419","Site12",2014-06-18,2014
"2420","Site12",2014-07-01,2014
"2421","Site12",2014-07-05,2014
"2422","Site12",2014-07-01,2014
"2423","Site12",2014-07-01,2014
"2424","Site12",2014-07-01,2014
"2425","Site12",2014-07-08,2014
"2426","Site12",2014-07-02,2014
"2427","Site12",2014-07-02,2014
"2428","Site13",2014-06-09,2014
"2429","Site13",2014-07-04,2014
"2430","Site13",2014-07-02,2014
"2431","Site15",2014-05-18,2014
"2432","Site15",2014-05-21,2014
"2433","Site16",2014-05-22,2014
"2434","Site16",2014-06-08,2014
"2435","Site16",2014-06-17,2014
"2436","Site16",2014-07-02,2014
"2437","Site17",2014-05-22,2014
"2438","Site17",2014-06-08,2014
"2439","Site18",2014-05-17,2014
"2440","Site18",2014-05-21,2014
"2441","Site18",2014-05-23,2014
"2442","Site18",2014-06-08,2014
"2443","Site18",2014-06-18,2014
"2444","Site19",2014-05-22,2014
"2445","Site19",2014-06-08,2014
"2446","Site19",2014-06-09,2014
"2447","Site19",2014-06-11,2014
"2448","Site19",2014-06-03,2014
"2449","Site19",2014-06-17,2014
"2450","Site19",2014-07-02,2014
"2451","Site20",2014-06-08,2014
"2452","Site20",2014-06-09,2014
"2453","Site20",2014-06-03,2014
"2454","Site20",2014-06-12,2014
"2455","Site20",2014-06-12,2014
"2456","Site20",2014-06-29,2014
"2457","Site20",2014-07-05,2014
"2458","Site20",2014-07-01,2014
"2459","Site20",2014-07-01,2014
"2460","Site20",2014-07-01,2014
"2461","Site20",2014-07-02,2014
"2462","Site20",2014-07-02,2014
"2463","Site20",2014-07-02,2014
"2464","Site20",2014-07-03,2014
"2465","Site21",2014-05-22,2014
"2466","Site21",2014-05-24,2014
"2467","Site21",2014-06-08,2014
"2468","Site22",2014-05-22,2014
"2469","Site22",2014-05-24,2014
"2470","Site22",2014-06-08,2014
"2471","Site22",2014-06-14,2014
"2472","Site23",2014-05-22,2014
"2473","Site23",2014-05-24,2014
"2474","Site23",2014-06-08,2014
"2475","Site23",2014-06-04,2014
"2476","Site23",2014-06-14,2014
"2477","Site23",2014-07-02,2014
"2478","Site23",2014-08-08,2014
"2479","Site26",2014-06-09,2014
"2480","Site27",2014-05-21,2014
"2481","Site27",2014-05-22,2014
"2482","Site27",2014-06-08,2014
"2483","Site28",2014-05-17,2014
"2484","Site28",2014-05-21,2014
"2485","Site28",2014-05-22,2014
"2486","Site28",2014-05-24,2014
"2487","Site28",2014-06-09,2014
"2488","Site28",2014-06-03,2014
"2489","Site28",2014-06-14,2014
"2490","Site28",2014-07-01,2014
"2491","Site28",2014-07-02,2014
"2492","Site28",2014-07-05,2014
"2493","Site28",2014-07-02,2014
"2494","Site28",2014-07-03,2014
"2495","Site28",2014-08-01,2014
"2496","Site28",2014-08-05,2014
"2497","Site28",2014-08-03,2014
"2498","Site29",2014-05-21,2014
"2499","Site29",2014-05-22,2014
"2500","Site29",2014-06-09,2014
"2501","Site30",2014-05-18,2014
"2502","Site30",2014-05-21,2014
"2503","Site30",2014-05-22,2014
"2504","Site30",2014-06-05,2014
"2505","Site30",2014-06-12,2014
"2506","Site30",2014-07-04,2014
"2507","Site30",2014-07-02,2014
"2508","Site31",2014-05-21,2014
"2509","Site31",2014-05-28,2014
"2510","Site31",2014-06-06,2014
"2511","Site31",2014-06-16,2014
"2512","Site31",2014-06-04,2014
"2513","Site31",2014-06-26,2014
"2514","Site31",2014-07-09,2014
"2515","Site31",2014-07-02,2014
"2516","Site31",2014-07-02,2014
"2517","Site32",2014-06-06,2014
"2518","Site33",2014-05-19,2014
"2519","Site33",2014-05-21,2014
"2520","Site33",2014-06-06,2014
"2521","Site33",2014-06-08,2014
"2522","Site33",2014-06-03,2014
"2523","Site33",2014-06-16,2014
"2524","Site33",2014-06-01,2014
"2525","Site33",2014-06-26,2014
"2526","Site33",2014-07-09,2014
"2527","Site33",2014-07-01,2014
"2528","Site33",2014-07-01,2014
"2529","Site33",2014-07-02,2014
"2530","Site33",2014-07-04,2014
"2531","Site33",2014-07-03,2014
"2532","Site34",2014-06-06,2014
"2533","Site35",2014-05-19,2014
"2534","Site35",2014-05-20,2014
"2535","Site35",2014-05-23,2014
"2536","Site35",2014-06-08,2014
"2537","Site35",2014-06-09,2014
"2538","Site35",2014-06-09,2014
"2539","Site35",2014-06-09,2014
"2540","Site35",2014-06-11,2014
"2541","Site35",2014-06-12,2014
"2542","Site35",2014-06-11,2014
"2543","Site35",2014-06-08,2014
"2544","Site35",2014-06-11,2014
"2545","Site35",2014-06-22,2014
"2546","Site35",2014-07-02,2014
"2547","Site35",2014-07-01,2014
"2548","Site35",2014-07-01,2014
"2549","Site35",2014-07-01,2014
"2550","Site35",2014-07-02,2014
"2551","Site35",2014-07-13,2014
"2552","Site35",2014-07-02,2014
"2553","Site37",2014-05-29,2014
"2554","Site38",2014-05-21,2014
"2555","Site38",2014-05-27,2014
"2556","Site38",2014-05-28,2014
"2557","Site38",2014-06-12,2014
"2558","Site39",2014-05-19,2014
"2559","Site39",2014-05-20,2014
"2560","Site39",2014-05-23,2014
"2561","Site39",2014-06-02,2014
"2562","Site39",2014-06-09,2014
"2563","Site39",2014-06-04,2014
"2564","Site39",2014-06-15,2014
"2565","Site39",2014-06-18,2014
"2566","Site39",2014-07-01,2014
"2567","Site39",2014-07-01,2014
"2568","Site39",2014-07-02,2014
"2569","Site40",2014-05-19,2014
"2570","Site40",2014-05-23,2014
"2571","Site40",2014-06-02,2014
"2572","Site40",2014-06-09,2014
"2573","Site44",2014-05-19,2014
"2574","Site44",2014-05-23,2014
"2575","Site44",2014-06-02,2014
"2576","Site44",2014-06-09,2014
"2577","Site44",2014-06-04,2014
"2578","Site44",2014-06-10,2014
"2579","Site44",2014-06-10,2014
"2580","Site44",2014-06-03,2014
"2581","Site44",2014-06-13,2014
"2582","Site44",2014-06-15,2014
"2583","Site44",2014-06-18,2014
"2584","Site44",2014-07-01,2014
"2585","Site44",2014-07-01,2014
"2586","Site44",2014-07-01,2014
"2587","Site44",2014-07-05,2014
"2588","Site44",2014-07-02,2014
"2589","Site44",2014-07-04,2014
"2590","Site44",2014-07-02,2014
"2591","Site44",2014-08-04,2014
"2592","Site45",2014-05-19,2014
"2593","Site45",2014-05-20,2014
"2594","Site45",2014-05-23,2014
"2595","Site45",2014-06-02,2014
"2596","Site45",2014-06-09,2014
"2597","Site46",2014-05-29,2014
"2598","Site46",2014-08-04,2014
"2599","Site47",2014-05-27,2014
"2600","Site47",2014-06-05,2014
"2601","Site47",2014-06-07,2014
"2602","Site47",2014-06-08,2014
"2603","Site47",2014-06-09,2014
"2604","Site47",2014-06-11,2014
"2605","Site47",2014-06-16,2014
"2606","Site47",2014-06-26,2014
"2607","Site47",2014-06-29,2014
"2608","Site47",2014-07-01,2014
"2609","Site47",2014-07-02,2014
"2610","Site47",2014-07-03,2014
"2611","Site49",2014-07-02,2014
"2612","Site50",2014-05-18,2014
"2613","Site50",2014-05-21,2014
"2614","Site50",2014-05-28,2014
"2615","Site50",2014-06-11,2014
"2616","Site50",2014-06-16,2014
"2617","Site50",2014-06-26,2014
"2618","Site50",2014-07-09,2014
"2619","Site50",2014-07-01,2014
"2620","Site50",2014-07-01,2014
"2621","Site50",2014-07-02,2014
"2622","Site50",2014-07-03,2014
"2623","Site51",2014-05-21,2014
"2624","Site51",2014-05-28,2014
"2625","Site51",2014-06-01,2014
"2626","Site51",2014-06-08,2014
"2627","Site51",2014-06-12,2014
"2628","Site51",2014-06-13,2014
"2629","Site51",2014-06-03,2014
"2630","Site51",2014-06-23,2014
"2631","Site51",2014-07-01,2014
"2632","Site51",2014-07-01,2014
"2633","Site51",2014-07-01,2014
"2634","Site51",2014-07-01,2014
"2635","Site51",2014-07-02,2014
"2636","Site51",2014-07-08,2014
"2637","Site51",2014-07-02,2014
"2638","Site51",2014-07-03,2014
"2639","Site51",2014-08-05,2014
"2640","Site52",2014-05-18,2014
"2641","Site52",2014-05-19,2014
"2642","Site52",2014-05-21,2014
"2643","Site52",2014-05-27,2014
"2644","Site52",2014-05-28,2014
"2645","Site52",2014-06-12,2014
"2646","Site53",2014-05-19,2014
"2647","Site53",2014-05-27,2014
"2648","Site53",2014-05-28,2014
"2649","Site53",2014-06-05,2014
"2650","Site53",2014-06-12,2014
"2651","Site53",2014-07-02,2014
"2652","Site53",2014-07-08,2014
"2653","Site53",2014-07-02,2014
"2654","Site54",2014-05-19,2014
"2655","Site54",2014-05-21,2014
"2656","Site54",2014-05-27,2014
"2657","Site54",2014-06-05,2014
"2658","Site54",2014-07-02,2014
"2659","Site55",2014-05-27,2014
"2660","Site57",2014-05-19,2014
"2661","Site57",2014-05-28,2014
"2662","Site57",2014-06-06,2014
"2663","Site58",2014-05-21,2014
"2664","Site58",2014-06-09,2014
"2665","Site58",2014-06-23,2014
"2666","Site59",2014-05-30,2014
"2667","Site59",2014-05-30,2014
"2668","Site59",2014-06-13,2014
"2669","Site59",2014-06-06,2014
"2670","Site59",2014-06-21,2014
"2671","Site59",2014-06-28,2014
"2672","Site59",2014-07-09,2014
"2673","Site59",2014-07-01,2014
"2674","Site59",2014-07-01,2014
"2675","Site59",2014-07-01,2014
"2676","Site59",2014-07-02,2014
"2677","Site59",2014-07-02,2014
"2678","Site59",2014-08-04,2014
"2679","Site61",2014-05-26,2014
"2680","Site61",2014-06-11,2014
"2681","Site61",2014-06-20,2014
"2682","Site63",2014-05-17,2014
"2683","Site63",2014-06-05,2014
"2684","Site63",2014-06-05,2014
"2685","Site63",2014-06-10,2014
"2686","Site63",2014-06-07,2014
"2687","Site63",2014-06-22,2014
"2688","Site63",2014-06-17,2014
"2689","Site63",2014-07-02,2014
"2690","Site63",2014-07-01,2014
"2691","Site63",2014-07-01,2014
"2692","Site63",2014-07-02,2014
"2693","Site65",2014-05-21,2014
"2694","Site65",2014-05-22,2014
"2695","Site65",2014-06-08,2014
"2696","Site65",2014-06-14,2014
"2697","Site65",2014-06-10,2014
"2698","Site65",2014-07-02,2014
"2699","Site66",2014-05-21,2014
"2700","Site66",2014-06-19,2014
"2701","Site67",2014-05-18,2014
"2702","Site67",2014-05-26,2014
"2703","Site67",2014-06-10,2014
"2704","Site67",2014-06-20,2014
"2705","Site67",2014-06-30,2014
"2706","Site67",2014-07-01,2014
"2707","Site67",2014-07-01,2014
"2708","Site67",2014-07-02,2014
"2709","Site67",2014-07-02,2014
"2710","Site67",2014-07-03,2014
"2711","Site69",2014-05-19,2014
"2712","Site69",2014-05-21,2014
"2713","Site69",2014-07-02,2014
"2714","Site69",2014-07-02,2014
"2715","Site69",2014-07-05,2014
"2716","Site69",2014-07-02,2014
"2717","Site71",2014-05-21,2014
"2718","Site71",2014-05-30,2014
"2719","Site71",2014-06-19,2014
"2720","Site72",2014-05-24,2014
"2721","Site72",2014-06-09,2014
"2722","Site72",2014-06-14,2014
"2723","Site72",2014-06-23,2014
"2724","Site72",2014-07-04,2014
"2725","Site72",2014-07-01,2014
"2726","Site72",2014-07-02,2014
"2727","Site72",2014-07-05,2014
"2728","Site72",2014-07-03,2014
"2729","Site74",2014-05-27,2014
"2730","Site74",2014-07-02,2014
"2731","Site75",2014-05-19,2014
"2732","Site75",2014-05-20,2014
"2733","Site75",2014-05-05,2014
"2734","Site75",2014-05-23,2014
"2735","Site75",2014-06-08,2014
"2736","Site75",2014-06-12,2014
"2737","Site75",2014-06-22,2014
"2738","Site75",2014-07-02,2014
"2739","Site75",2014-07-01,2014
"2740","Site75",2014-07-01,2014
"2741","Site75",2014-07-01,2014
"2742","Site76",2014-06-09,2014
"2743","Site76",2014-06-15,2014
"2744","Site76",2014-07-01,2014
"2745","Site76",2014-07-01,2014
"2746","Site76",2014-07-04,2014
"2747","Site76",2014-07-02,2014
"2748","Site76",2014-07-02,2014
"2749","Site77",2014-05-19,2014
"2750","Site77",2014-05-20,2014
"2751","Site77",2014-05-23,2014
"2752","Site77",2014-06-08,2014
"2753","Site77",2014-06-12,2014
"2754","Site77",2014-06-12,2014
"2755","Site77",2014-06-22,2014
"2756","Site77",2014-07-02,2014
"2757","Site77",2014-07-01,2014
"2758","Site77",2014-07-01,2014
"2759","Site77",2014-07-01,2014
"2760","Site77",2014-07-02,2014
"2761","Site77",2014-07-03,2014
"2762","Site77",2014-07-05,2014
"2763","Site77",2014-07-02,2014
"2764","Site77",2014-08-05,2014
"2765","Site78",2014-05-27,2014
"2766","Site78",2014-06-11,2014
"2767","Site78",2014-06-16,2014
"2768","Site78",2014-06-26,2014
"2769","Site78",2014-07-01,2014
"2770","Site78",2014-07-01,2014
"2771","Site78",2014-07-02,2014
"2772","Site78",2014-07-08,2014
"2773","Site78",2014-07-03,2014
"2774","Site78",2014-08-03,2014
"2775","Site79",2014-05-17,2014
"2776","Site79",2014-05-30,2014
"2777","Site79",2014-06-10,2014
"2778","Site79",2014-06-04,2014
"2779","Site79",2014-06-13,2014
"2780","Site79",2014-06-21,2014
"2781","Site79",2014-06-30,2014
"2782","Site79",2014-06-09,2014
"2783","Site79",2014-07-01,2014
"2784","Site79",2014-07-01,2014
"2785","Site79",2014-07-02,2014
"2786","Site79",2014-07-02,2014
"2787","Site79",2014-07-02,2014
"2788","Site79",2014-07-03,2014
"2789","Site80",2014-05-22,2014
"2790","Site80",2014-05-24,2014
"2791","Site80",2014-06-08,2014
"2792","Site80",2014-06-04,2014
"2793","Site80",2014-06-14,2014
"2794","Site80",2014-07-02,2014
"2795","Site81",2014-05-17,2014
"2796","Site81",2014-05-23,2014
"2797","Site81",2014-05-24,2014
"2798","Site81",2014-05-26,2014
"2799","Site81",2014-05-28,2014
"2800","Site81",2014-06-03,2014
"2801","Site83",2014-05-22,2014
"2802","Site83",2014-06-09,2014
"2803","Site84",2014-05-29,2014
"2804","Site85",2014-05-29,2014
"2805","Site85",2014-06-05,2014
"2806","Site85",2014-06-12,2014
"2807","Site85",2014-06-22,2014
"2808","Site85",2014-07-02,2014
"2809","Site85",2014-07-01,2014
"2810","Site85",2014-07-01,2014
"2811","Site85",2014-07-02,2014
"2812","Site85",2014-07-05,2014
"2813","Site85",2014-07-02,2014
"2814","Site85",2014-08-02,2014
"2815","Site86",2014-05-30,2014
"2816","Site87",2014-05-30,2014
"2817","Site87",2014-06-19,2014
"2818","Site87",2014-06-19,2014
"2819","Site88",2014-05-17,2014
"2820","Site88",2014-05-30,2014
"2821","Site88",2014-06-01,2014
"2822","Site88",2014-06-05,2014
"2823","Site88",2014-06-11,2014
"2824","Site88",2014-06-20,2014
"2825","Site88",2014-06-30,2014
"2826","Site88",2014-07-01,2014
"2827","Site88",2014-07-01,2014
"2828","Site88",2014-07-02,2014
"2829","Site88",2014-07-02,2014
"2830","Site88",2014-07-03,2014
"2831","Site89",2014-05-17,2014
"2832","Site89",2014-06-01,2014
"2833","Site89",2014-06-10,2014
"2834","Site89",2014-06-20,2014
"2835","Site89",2014-06-30,2014
"2836","Site89",2014-07-01,2014
"2837","Site91",2014-05-29,2014
"2838","Site92",2014-05-29,2014
"2839","Site93",2014-05-29,2014
"2840","Site95",2014-05-29,2014
"2841","Site95",2014-06-10,2014
"2842","Site95",2014-06-20,2014
"2843","Site95",2014-06-10,2014
"2844","Site95",2014-06-30,2014
"2845","Site95",2014-07-01,2014
"2846","Site95",2014-07-09,2014
"2847","Site97",2014-05-22,2014
"2848","Site97",2014-05-24,2014
"2849","Site97",2014-05-27,2014
"2850","Site97",2014-06-05,2014
"2851","Site97",2014-06-12,2014
"2852","Site97",2014-06-04,2014
"2853","Site97",2014-06-23,2014
"2854","Site97",2014-07-01,2014
"2855","Site97",2014-07-02,2014
"2856","Site97",2014-07-02,2014
"2857","Site97",2014-07-03,2014
"2858","Site97",2014-08-02,2014
"2859","Site98",2014-05-29,2014
"2860","Site98",2014-06-10,2014
"2861","Site100",2014-06-13,2014
"2862","Site100",2014-06-21,2014
"2863","Site100",2014-07-01,2014
"2864","Site100",2014-07-09,2014
"2865","Site100",2014-07-01,2014
"2866","Site100",2014-07-01,2014
"2867","Site100",2014-07-02,2014
"2868","Site100",2014-07-02,2014
"2869","Site100",2014-07-04,2014
"2870","Site100",2014-07-02,2014
"2871","Site100",2014-08-04,2014
"2872","Site101",2014-05-19,2014
"2873","Site101",2014-05-23,2014
"2874","Site101",2014-06-02,2014
"2875","Site102",2014-05-19,2014
"2876","Site102",2014-05-20,2014
"2877","Site102",2014-05-23,2014
"2878","Site102",2014-06-02,2014
"2879","Site102",2014-06-09,2014
"2880","Site103",2014-05-29,2014
"2881","Site104",2014-06-23,2014
"2882","Site104",2014-07-01,2014
"2883","Site105",2014-05-28,2014
"2884","Site105",2014-06-08,2014
"2885","Site105",2014-06-23,2014
"2886","Site106",2014-05-30,2014
"2887","Site106",2014-06-13,2014
"2888","Site106",2014-06-21,2014
"2889","Site108",2014-06-11,2014
"2890","Site108",2014-07-09,2014
"2891","Site110",2014-05-26,2014
"2892","Site110",2014-08-07,2014
"2893","Site111",2014-05-19,2014
"2894","Site111",2014-05-01,2014
"2895","Site111",2014-06-12,2014
"2896","Site112",2014-06-10,2014
"2897","Site112",2014-08-04,2014
"2898","Site113",2014-06-11,2014
"2899","Site113",2014-06-20,2014
"2900","Site114",2014-05-29,2014
"2901","Site114",2014-06-05,2014
"2902","Site114",2014-06-10,2014
"2903","Site114",2014-06-20,2014
"2904","Site115",2014-05-29,2014
"2905","Site 117",2014-05-29,2014
"2906","Site 118",2014-06-16,2014
"2907","Site 119",2014-06-16,2014
"2908","Site 119",2014-06-26,2014
"2909","Site 119",2014-07-09,2014
"2910","Site 119",2014-07-01,2014
"2911","Site 119",2014-07-02,2014
"2912","Site 119",2014-07-11,2014
"2913","Site 119",2014-07-02,2014
"2914","Site 119",2014-08-01,2014
"2915","Site 119",2014-08-05,2014
"2916","Site 120",2014-06-16,2014
"2917","Site 121",2014-06-20,2014
"2918","Site 122",2014-06-12,2014
"2919","Site 122",2014-06-22,2014
"2920","Site 123",2014-05-28,2014
"2921","Site 124",2014-07-01,2014
"2922","Site 125",2014-07-02,2014
"2923","Site 125",2014-07-02,2014
"2924","Site 126",2014-07-02,2014
"2925","Site 127",2014-07-01,2014
"2926","Cabin",2014-05-30,2014
